昵称,性别,地区,评论
MyerR,男,广东,而你，我的朋友，你才是真正的赛博孟德尔
啊吗錝,男,广西,"我已经很久没有玩一款游戏上头到通宵的程度了，许多杂交植物真的满足了我童年的幻想。
   另外，对于pvz圈和改版圈内较为“客观”的评价，伟伟以平常心看待就好了，我们并不关心改版质量是否符合圈内人士所谓的“高标准”要求，在乎的只有一个字:爽！结合五月份的破圈速度和规模，伟伟的杂交版真的很好做到了这一点。
   最后，真心希望伟伟能够解决经济层面的问题，单纯为爱发电是不够的，吃饱饭才能更好的创作和优化游戏内容。开始狠狠地期待3.0版本[打call]"
白天睡觉233,男,江西,我真的希望加点故事，就是过场动画和故事。杂交版的故事我想想都感觉会很有趣，比如戴夫做了什么研究等等。还有一些符合主角房子的特殊关卡，比如地下室！下水道！最后感谢伟伟在我枯燥的工作和成人的不开心与无奈的世界中点燃了我所剩无几的好奇心和孩童般的快乐，想要通关的执着还有这关过不去的狂叫，我真的非常喜欢猫猫那些系列植物[大笑]希望伟伟和各位pvz的玩家永远有对事物的好奇与快乐！一点充电以表感谢[给心心]
宫水一个半叶,男,四川,"作者您好，我发现您的杂交版有很多不够完善的小细节。比如SeedBank.mCutSceneDarken不生效、自定义的水域上缺失PoolEffect、换过头的僵尸在头部损伤后进行Reanimation::ImageOverride但缺少了Zombie::ReanimShowPrefix(""anim_hair"", -1)使得头发重新出现、CursorPreview在植物体积较大时无法预览整个植物等等问题。因此想问下杂交版的开发工具是什么，以及是否愿意开源或以其他方式允许PvZ爱好者为杂交版贡献代码[抱拳]"
荆棘的狗狗,保密,广东,杂交版占据天时地利人和。1天时:胆小菇之梦为这款开路。2地利:原本植物大战僵尸还是很多人玩，但是其他版本很少甚至很难，95和贝特版过于难最为例子，杂交版完美的融合难度，有难度也不会觉得过不了那种。3人和:各大平台及up主争先恐后的吃流量，推广也恐怖，甚至还有无脑摆到网上售卖的。其实也有别的杂交版本，但是改动不大，改动大的呢，制作者卡死别人，不发出来，或者整那种付费进群的，极大限度卡推广。但是up不同，不仅免费给所有人玩，甚至听劝，更新且快，让人有一种新颖新鲜感，能玩下去的动力那种。[doge]
名山小妖,保密,新疆,"第三次僵尸投稿：听说杂交版的受众有很多大学生，特推出大学生僵尸家族，大学的兄弟们给我顶上去。
大学生僵尸家族整体：
特性1：脆皮大学生：血量恒定为1，但血量归零后会停留在原地，赖着不死，在场上继续存活五秒。
ps：脆皮但很难杀死。
特性2：高学历：大学生僵尸均为法术僵尸，拥有各种专业法术，并且在场上每存活一段时间，就会通过升学考试来提高自己的学历，以解锁更加强大的专业法术。
特性3：干饭大学生：大学生一般不会冲锋在前，除非你把植物种在他的脸上，提高五倍啃咬速度。
ps：就业指导课上，大学生听说植物阵营内卷严重，为了应对日益严重的就业危机，大学生们决定开辟新赛道，加入僵尸阵营，在他们看来，相比于朝气蓬勃的植物，半死不活的僵尸才是大学生们的最终归宿。
（1）体育生：为周围僵尸施加增益buff，如血量提升，速度提升，攻击提升。
ps：我是体育生，但我学的是运动理论，把僵尸训练地更高，更快，更强没什么毛病吧？
（2）医学生：给周围僵尸回血，有概率收集死去僵尸的零件，组合出新的僵尸。
ps：医学就是...拆开！然后再组装起来！
（3）地理生：随机改变植物位置。
ps：对称，我讨厌对称！地理中没有完美的对称！
（4）土木生：在每一格挖洞，可以随机挖出不同种类的僵尸。
ps：在这平坦的草地上挖呀挖呀，挖出一个僵....
（5）数学生：在任意一行随机触发数学运算，使得其僵尸数量增加或成倍提升。
ps：数学，数学就是加和乘，什么？你问减和除？我当时没学好。
（6）生物生（生科院大学生）：可以把普通僵尸改造成植物僵尸。
ps：什么？杂交？我才是专业的！
（7）机械生：制造机械生物。
ps：他们本来是打算投靠那个叫僵王博士的学长的，结果却发现...
（8）材料生：给周围僵尸分发防具。
ps：路障、铁桶、橄榄头....是的，这些东西都是出自我们之手！
（9）经济生：通过某种手法吸取场上阳光，死亡会掉落一部分。
ps：虽然有些难以接受，但经济生们还是将阳光认定为一般等价物。
（10）网安生（大boss）：出场自带计算机，停留在第一个开始破解杂交版植物大战僵尸，当破解完成后，会使得游戏直接闪退！
ps：网络空间安全是这样的！
后续请各位大学生兄弟补充！"
拜托亖一亖,保密,江苏,"真的很泪目。在很久之前我看不到的地方 up主就已经默默努力了 可以说从7年翻到现在 大部分视频都是两三天一更新，从原来的鲜有人关注 up主积极邀请大家入群交流，到后面人越来越多 也自始至终保持着高产和质量，再到如今的爆火，一切都有迹可循。
我从一些作者的评论里也能读到他有迷茫和无奈的时候。但这份热爱,坚持和努力让一切都曲曲折折的向着好的地方发展。从个人到团队，一群为爱发电的年轻人，从零到有，我佩服他们的勇气，也欣慰他们的运气，果然运气会垂青有准备的人。
很难想象这样的画面让我沉寂许久的心怦怦作响，就像听到路飞象征自由的心跳一样，令我情不自禁的向往，朝着心跳的地方迈出脚步。这种为了热爱而执着的现实让我热血沸腾。
为你充电，也为我自己充电。"
爱玩pvz的两个数字,保密,贵州,杂交版对pvz圈有一个重大意义：改版的作者从改版中得到了应有的东西，像以前的e版支线，虽然很火，但其作者Henry却默默无闻，β版也一样，这毫无疑问是会打击改版作者对于制作改版的积极性。但这一次，杂交版让作者也得到了极大的好处，这将让改版圈，甚至植物大战僵尸圈子得以进行良性发展
不知道有没有命名,保密,安徽,"投稿一个植物
名称：摇钱树
血量：6000
伤害：0
特性1：种植后每120秒随机掉入五个奖励
大阳光40%，15银币20%，金币15%，钻石10%，金卡植物7.5%，钻卡植物5%，彩卡植物2.5%
特性2：反伤（类似火炬坚果）
特性3：可以炸爆冰车"
荼诃遗旧,女,湖北,"在我的眼中，pvz圈是一个非常和谐的圈子，玩家和制作者都很团结，因为大家都是出于对这款游戏的热爱才走到一起的。不过正所谓人红是非多，此次杂交版的爆火吸引了众多圈外的玩家，数量之大前所未有，其中鱼龙混杂，不仅有许多对游戏感兴趣的玩家，也存在不少眼红的，想要从中牟利的阴险之人。
        我作为一名普通的玩家，一是希望作者能够不忘初心，与玩家和团队多沟通交流，丰富游戏的玩法，提升游戏的乐趣，不断给玩家带来更多的惊喜；二是希望up有能力保护好自己，加强公关能力，多留些心眼，防范那些试图造谣抹黑，拖你下水的人。
        如今国产二游圈的现状大家都有目共睹，不少玩家被糟糕的社区环境搞的身心俱疲。我衷心祝愿pvz圈在破圈的同时，玩家和制作者能够一如既往的和谐友善，共同维护社区环境，并牢记pvz圈的规则和底线，让各种改版百花齐放，让游戏的话语权掌握在真正热爱游戏的玩家手中[给心心][给心心][给心心]"
玄音叶羽,保密,山东,Hi，大家好，我是小剪辑师，期待杂交版越来越好！[脱单doge]
萘落の,保密,安徽,"我没玩过，兴趣不大。
想说要想长久运行下去，作者务必考虑好怎么在合理的玩家能接受的范围内变现
这些年见过太多太多作者无奈放弃，毕竟在生活的重压下没人能一直为爱发电
请作者务必想办法变现，别仅靠捐助打赏之类的。"
吓死宝贝儿了,保密,河南,"玉米炮猫蒲
自动追击当前血量最高的僵尸（≥1800）
或者3×3范围内僵尸数量超过8个时发射
范围3×3
cd25s
550阳光，血量600，每次放置增加50阳光
（介绍：那晚，猫蒲差点被撑破）（解放双手的杀伤力植物）[脱单doge]"
辰星SAMA桑,保密,江西,"投稿
生姜
血量 看着办
特性，伪装成任意一种植物5秒，每5秒切换一次，被僵尸咬到现出原形，僵尸被扣血
【灵感来源，前天土豆炖肉里伪装成土豆的生姜，让人记忆犹新。[灵魂出窍][灵魂出窍]】"
Ghost-YYYY,男,河南,做的杂交植物[脱单doge]你们觉得怎么样
我是一下他,男,山西,"投稿植物
辅助型植物
强效咖啡豆（一次性植物）
冷却60秒
阳光100
范围3*3
效果：一定时间内大幅度增加植物攻击速度，阳光产出，手动植物立即回复一发炮弹，防御性植物回复一定血量。
“咖啡豆并不被蘑菇家族之外的植物喜爱，不过时代变了，高强度的工作让其他植物也开始需要咖啡豆的帮助
‘自从咖啡豆来了，我的工作效率更高了。’——捧着书本豌豆射手说”
投稿白卡植物
智慧树苗
辅助性植物
冷却50秒
阳光消耗随着场上种植数量提升而提升（初始0，增长100）
效果：提高植物低概率事件的概率（如川菜投手的辣椒，金银花财神的钻石弹幕），僵尸不会主动攻击智慧树苗。
“智慧树上折下来的树苗，虽然不能用肥料催熟，但依旧充满智慧
‘我把你养到5万英尺，你就给我一个树苗？’——戴夫的邻居”
投稿金卡植物
投瓜车
阳光600
冷却20秒
占地两格
攻速1个每秒
效果:前方三行内有僵尸将投射一个大型西瓜，造成3*3范围200点伤害并向周围溅射50伤害。
“戴夫模仿古代的投石车杂交出了一个大杀器，对群效果极佳。
‘道理我都懂，可是这催大的瓜它不保熟啊。’”投稿僵尸。
缠绕水草潜水僵尸
对潜水接近的第一个植物拉下水，自身死亡
投稿商店植物
防御性植物
金奖杯
阳光500
冷却70秒
血量2000-3000-5000（金-银-铜）
奖杯会随着血量减少而逐渐掉下镀层，每次掉下镀层会获得5秒的无敌。巨人每次只能砸掉一个镀层，无敌期间不会掉镀层。冰车只能碾掉一个镀层，并且冰车炸裂，无敌时间不会掉镀层，冰车依旧炸裂。
“‘为了控制成本，只能用镀金。’
‘那银奖杯……’
‘也是镀的。’
‘那我花园里放的也是镀的？’
‘哦，那个是纯金的，毕竟是你努力的通关得到的。’”"
靓树萌萌果,男,甘肃,"强烈建议作者推出这些模式和玩法！
排山倒海模式（看！他们像柱子一样）
我是僵尸
砸罐子
坚果保龄球
雪橇区
植物僵尸
（作者的杂交版我下载了但是没详细看，所以上述的某个玩法在杂交版可能已经有了，如果有误请大家指正）[脱单doge]"
七月Diary,保密,安徽,前阵子才发现伟伟给我的视频还点过赞啊 [大哭]我现在回来必须充电感谢 ！！杂交版真的让我弥补了当初小时候感慨植物火力不够 僵尸不够抗揍的痛处 而且关卡难度和植物种类的提升也更考验玩家的反应和规划 简直是打开了新世界大门 已经开始期待3.0了 up加油！！
不学英语的柠喵,男,黑龙江,大佬，加个每过几回合自选海克斯强化如何[doge]
五年后的世界里再次看见她的笑脸,保密,湖北,作者，我要这个！
大难临头还能睡的热狗,男,山东,自己画的(真抽象
宦游人sama,保密,江西,"啥时候搞个肉鸽模式？
初始卡槽只有6到8个，获得植物需要“种子”，不同等级的植物需要不等数量的种子，如金卡需需要8个种子，部分强力白卡需要6个种子，遇到一些特殊节点，可以把已有的植物分解回收一部分种子；
搞个代币“巧克力”，可以用巧克力在神秘蜗牛的商店里兑换道具或者招募植物，买不起时也可以“请”神秘蜗牛降价，不过之后神秘蜗牛就不会卖给你东西了；
然后搞一些增强植物的特殊道具，比如道具书豌豆-神速：所有豌豆类植物攻击速度+70；坚果-固守：所有坚果生命值增加50%；僵尸-破釜沉舟：所有魅惑僵尸的生命值减少60%，移动速度和攻击速度增加40%；
还有有利于经营的道具，比如，增加携带植物数量的道具，可以躲避战斗的道具，提升战斗后收益的道具；
然后解锁一些只有肉鸽里才可以获得的植物，肉鸽里才有的特殊关卡，并且随着游戏进行时，一些选择的分支也会导向不同的结局，遇见不同的boss，“戴夫僵王博士”，“蜗牛大王”，“远古智慧树”；"
不会打针の蛋包饭,男,重庆,我有一个想法，UP可以在淘宝等平台上自己挂一个杂交版的，然后商品介绍里面写上免费获取的方式，然后只挂上去不卖，我印象里以前我学魔方的教学视频就是那个网站跳到有个平台上，挂了一个魔方但是99999块不卖，然后他那个商品介绍的视频就是教程，这样我觉得可能可以让一部分被倒勾骗到的人知道是免费的，就是不知道会不会被倒勾举报下架
小海月798,保密,贵州,上午似乎没发成功，冒昧再试发一次女大拟人[捂眼]感谢杂交版给了创造力枯竭的中老年人灵感[给心心]
青若兮Yahu,女,福建,Hi，大家好，我是文案师，期待杂交版越来越好！[脱单doge]
轻夏浅秋,男,浙江,给一个建议吧，植物文案不要老搞一些不绿色的，玩荤段子喜欢的玩家玩没事，但作为一款优秀游戏的制作者最好避免，因为杂交版本身游戏性各方面都很优秀，能吸引各种各样的群体去玩，不要为了小众的东西限制了它的高度
制时,保密,天津,确实做的是真好，想起以前在小学二三年级吧，我有个游戏本，正面开头的是类似于DNF那种的末日废土，背面就是这种杂交植物大战僵尸，不过我那时候叫变异植物，当时很多人和我玩那个本子（可能获利几十块吧，他们自己要求充值的哈哈）想起来也十多年了，记得最清楚的是正面自己设计了个数值螳螂（数值巨高连我自己都打不过），背面设计了个变异藤蔓，作用好像是种植后每在藤蔓上死去三僵尸，藤蔓扩张一格且增加血量，藤蔓覆盖植物后将原本植物挤死，藤蔓在那格变成原有植物的样子且加生命上限，藤蔓本身和变成的植物为一体共享血量，且被巨人砸后只会失去一格藤蔓，不会死亡，后来因数值过高，且不好调控删了
粉色粪球,男,山东,杂交版我觉得很火的原因很大一部分是植物模型贴图做的太好了
小渚chihiro,保密,江西,[给心心]
李纯灰,男,陕西,你想好今年百大领奖的时候穿哪套衣服吗？
bili_62255019428,保密,河南,你还好意思出来感谢呢？自从我一个月前下了杂交版，现在我媳妇开了电脑没事儿就要来两关，我闺女看见我们在玩也要来凑热闹！本来我是下了偶尔打发时间的，现在倒好，每天用电脑还要防着他俩过来打卡！！！[大哭][大哭][大哭]
不丸原神只丸火影,保密,福建,从被质疑到成功，鬼知道他付出多少[拥抱]
帅气的赵仔,保密,河北,阿婆，这些没有经历过你授权吧？我冲浪时候碰到的
wildoceans,保密,北京,你好啊伟伟迷，杂交植物大战僵尸真的很好玩，这两个月因为一些事情，感觉动不动就哭，心情很低落，总是想的很极端，我去医院自救，查出来重度抑郁，当时看到班上的同学在玩杂交版，我就也跟着下载了，很好玩，那段时间天天打僵尸，生活和精神世界只剩下了打僵尸。后来慢慢的情绪被身边人看见，逐渐走了出来，谢谢你发明的杂交版，从小就爱玩僵尸的DNA被触动了，谢谢你的发明陪伴抑郁时期的我，不敢想象那段黑暗的时光没有杂交版的陪伴，以当时的精神状态我会不会做出什么极端的事情来，谢谢你，真心感谢，请继续做下去[爱心]
园游女人,男,河南,杂交版可能不是众多改版中最优秀的，但它一定是整体画风最统一（接近原版），植物特性作用一眼能看出来的（玩过原版的基本能看出大多数植物的作用吧）。这两点就是杂交版爆火的原因[doge]
ASWR收藏家,男,福建,好玩[OK]
绿皮骑士,保密,山东,冷知识：潜艇伟伟迷今年一月才20万粉[doge]
phoenix萧羽墨,女,江西,提几个建议嗷，能不能把花园加回来，收集党应该会喜欢（）花盆打关随机掉就不用加大篷车了。还有能不能众筹一下做新地形的BGM，B站上好像有会做植物大战僵尸风格音乐的人。新地形比如森林真的好好看，没有贴合的BGM实属有些可惜
开朗可爱的dio爷,保密,江西,这些以前的地图会加入杂交版嘛，真的很优秀，很想玩到
PVZ咖灰豆,男,四川,高楼大厦不是一日建成的，杂交版很多植物甚至两三年前就已经被做出了[doge]
_英英子呀,保密,河北,好多人希望适配手机，我在网上找到的都是模拟win系统，能不能做一个真正的手游让大家玩玩，拜托了
114514年的鱼,保密,湖北,我从2023年9月开始看潜艇伟伟迷，当时才20多万粉丝，到了11月，他发布了杂交植物，还记得前几期登上了热门，后面几期热度就降低了，后面的视频就没看（看了一集两集），当时觉得24年1月觉得他就不会做下去，我也就没有看他的视频了，没想到现在看他居然快200万粉了
lzm2013,男,广东,"正在做杂交版宣传片升级版
预计2024年十月完成"
小季小季充满生机,保密,河南,我去，感觉up的声音很贴豌豆射手，很可爱哈哈哈哈哈
skyline_BlueR32,男,浙江,哥，搞个联网模式，兄弟联机开黑，噩梦版本，每个人守护一条草坪，想想都爽
冥间月,男,湖北,出个专门的地刺王吧，现在的地刺大多都太弱了，地磁王和高坚果杂交的效果不是那么理想，希望能有一个专注于地刺的杂交地刺王[打call]
星河之奇skr,男,山东,00:57 “人类之所以叫人类，正是因为人类拥有一项其他生物都没有的东西———想象力”
爱吸神父的纯氧,男,湖北,其他的我不知道，我只知道这游戏在大学生圈子里泛滥了[微笑][微笑]
D长尘,男,江西,我是僵尸模式！我也要放出生海豚和冰车巨人
Op吃瓜群众,男,上海,杂交版最近爆火，才知道是up做的，结果一看从17年就开始做植物大战僵尸的自制关卡了，这就是厚积薄发吗
呆毛王の厨,保密,宁夏,主要是，因为版权问题，杂交版再火作者和背后的团队也不能以此盈利，所以说他们真是在用爱发电了，抛开利益，单从兴趣和理想来做某件事情，还受到大家都一致好评，这真的是太酷了[OK]
Samuchy_this_Cn,男,江苏,14天前的视频，满屏的弹幕“百万合影”，现在马上二百万粉丝了[灵魂出窍]
寒芝芝,男,河北,发明潜艇伟伟迷的人简直是个天才[星星眼][星星眼][星星眼]
全国图鉴,男,江苏,不要用快捷方式，你安装目录里面有两个exe程序，其中一个是launcher这个不用这个，对另一个exe右键→属性→兼容性→使用兼容模式这项打√→下拉框选windows8→应用，百分百有用
Beats_无心,保密,福建,希望早点出手游版，因为电脑实在是不能随时打开来一局[洛天依]
cod1768,保密,山东,支持一波。[给心心]同时建议up杂交版商店出一些增益类道具（像黄金矿工那样）比如可以增加盲盒出货率的道具、清除开局植物冷却的道具、增加僵尸爆金币的道具等等。
机智的二凡,男,江苏,盒子模式的随机性太大了，希望能做一个真正肉鸽模式，可以说像云顶之弈或者杀戮尖塔那样，你可以花费阳光或者金币之类的刷新上面的卡槽，然后选择性的购买，稀有度决定出现概率，也不一定都是特定植物，加一些价格中庸的种类卡随机卡（类似现在的随机朗朗），还有比如选择路线，会有正经战斗和小游戏关，或者海克斯，精英关和BOSS关，刷了会有额外奖励，最终BOSS打僵王，还有比如植物包，可以把买到的灰烬植物先存放（备战席），感觉能有很多可以做的，肉鸽玩法也很耐玩
浅忆怼她,保密,云南,辛苦终将获得回报[给心心]
吴昭帝,保密,福建,能不能出一个自主杂交基因器，就是在原版的基础上，不直接给杂交后的植物，让玩家自己去杂交生成对应植物，然后再投入使用，开局不直接放杂交后的僵尸后面按强度逐渐投放，这个时候玩家就只有不断通过杂交植物来对抗基因融合的僵尸，货币目前没有任何作用，可以设定用于植物杂交的费用上，至于其他细节靠你们去摸索了，我只是提一个想法，这么玩可以和原版一样循序渐进，或许可以达到一个意想不到的高度
桥旁老登佰暮heimer,男,黑龙江,pvz不能没有真神，就像......[脱单doge]
优优yoyoChen,男,北京,我的妈呀，上全站排行榜了，三年前的我肯定想都不敢想！
bili_99043393,保密,湖北,真的给我们湖北咸宁争大光了[笑哭]
月见白茶jaj,保密,江西,做个翻译成英文的版本直接火爆全球[doge]
乙丁赢,男,浙江,真的完美符合，年轻人朝气蓬勃，坚持不懈的说法，你真的很棒
一直都是呀,男,河南,听这声音是真的嫩呀！年少有成[打call]
眼角膜塑形,保密,浙江,"小伙伴们一定要热情面对生活中的快乐呀！
(送上两只自制的骄阳)"
说的坪道理津爷,保密,河北,02年的……15岁就这么强了😨，up简直天才
山田杏奈suki,保密,新疆,真得解决一下闪退问题，我室友这把还没爽几轮闪退跟他气昏了[笑哭]
八月博启至今,男,河北,我认为宝开真的需要为植物大战僵尸原版进行一定的优化重置并在此基础上在Steam支持创意工坊，并且为mod和改版作者们提供激励，而不是一味的出续作
香翅捞饭丶,保密,河南,不以盈利为目的根本不长久啊，游戏是不收费的，可能因为版权问题也不能收费吧？如果仅靠平台视频收益养活一个制作组感觉有点难，是不是可以在某个地方贴个赞助码呢？纯自愿，给多给少是个缘
风灵祭司,保密,贵州,今天随出第五个大炮的时候闪退了，不开心[傲娇]
24小时睡眠法,保密,黑龙江,能把这个豌豆射手的形象也杂交一下吗？
风语星空-,保密,甘肃,不是，铁桶冰车巨人队？[灵魂出窍]
Goldensnow,保密,广东,伟伟迷你好呀，我也对pvz开发挺感兴趣，有没有机会一起合作呢，我可以提供编程支持，我的优势是可以帮你利用深度学习制造机器人，让僵尸出现种类/数量/时间点和位置更合理
周必成,男,河北,建议商店加入作者这个植物，不为强度，只为收藏[星星眼]
淡淡的忧伤ac,保密,安徽,土豆炮后面有毁灭炮只能开毁灭菇炮，土豆炮点不到，先把毁灭炮开了土豆炮也点不到。。。
Pakku菌,保密,云南,"论潜艇伟伟迷为什么是神[脱单doge]
各位几十个月大的儿童，儿童节快乐！"
抽纸盒里没有纸巾,保密,北京,"凌晨舍友突然大叫,说什么他过61关了,激动地像是得到新玩具的孩子"
x夏言秋语x,男,广东,UP的声音超可爱[星星眼]
超级菜的咸鱼棍,保密,安徽,"UP主您好，我又想到一个植物，比较复杂，也比较有趣，灵感来源于小时候经常玩的玩具粘粘手：
粘粘瓜：外观是窝瓜变成红色，头上套了个类似于手套的东西
阳光消费100
当该植物的上下左右任意一格有东西（不管是植物还是僵尸）时，他都会压上去并将自己的位置改为其位置（如果上下左右同时有东西，优先级排序为右（最先），左，上，下）
如果压的是植物，则根据该植物的属性在自己身上多长出一个寄生体
例如：压到的是豌豆类家族的植物，身上就多长出一颗小豌豆头，可以攻击前方的僵尸伤害等与豌豆射手相同。
压到的是向日葵家族的植物，身上长出一颗小向日葵头，可以正常生产阳光，生产速度等于向日葵相同。
其他家族的植物也以此类推。
寄生体数量最多有五个，并不会影响粘粘瓜本身的血量。
如果遇到像豌豆，向日葵这样难以区分家族的植物，可以设定为随机选择豌豆和向日葵中的一个家族。
如果遇到实在没办法判定家族的植物，可以设定为在所有家族中，随机选择一个家族。
如果压到的是僵尸，则粘粘瓜会直接死亡。"
-星の生まれる刻-,保密,吉林,"hhhh，真是后生可畏啊，和up一比真是自愧不如望尘莫及
up一个00后，靠着自己的能力才华，不仅做出了令人喜欢的二创游戏，并也因此收获了大量粉丝
而我这一个90后，连up的一半程度都没有。[喜极而泣]
果然这个世界这个b站，除了我都是大佬啊_(:з」∠)_"
过氧化氢永不分解,男,广东,快手上面一堆卖9.9的，不知道应该怎么解决
蜜雪冰城地铁站,保密,福建,想在杂交版的禅境花园里面养杂交植物
氧化铜人,男,德国,随着植物越来越多，衷心希望能对植物图鉴，包括冒险模式的次序安排做一下整理，现在有太多出来即被取代的白卡了，打冒险的阵容高度一致，僵尸阵容变化也很小，很容易让人审美疲劳，毕竟现在杂交版出圈了，其实并没有那么多人是熟悉PVZ原版的。这里给出我的一个方案，具体的我正在做一个视频来说明。也祝UP越做越好。
霸唱bychance,保密,山东,这个杂交版能忍住30秒不玩的都是神人了[点赞]
高兴的佩雷拉,男,山东,多在抖音直直播，这不就好起来了吗
优秀的生命树,保密,湖北,用爱发电的永远高质量，盈利目的的都是💩，不想杂交变味也不想杂交作者吃不饱饭，但是穷学生能怎么办呢，算了，开把无尽支持一下[笑哭]
心灰意冷白某,男,江苏,发明潜艇伟伟迷的真是个天才[doge]，总之还是非常感谢大佬的游戏[打call]
南宫律己,男,江苏,很想知道之前那些自以为是指责up的pvz“圈内人士”的心情，肯定很有趣，记得很久之前有个什么“备战中考”的圈内人士还评价上了杂交版。
狼像从了良Hx,男,广东,大佬，还没毕业吧，这将是你最强的敲门砖[脱单doge]
石头门在哪,保密,湖北,朗读的十分深情，粉了[星星眼]
恒千面-magic,男,山西,说不定啥时候就有自创boss了[吃瓜]
请容我安眠,男,广东,"全息投影铁栅栏（钻石卡牌）（场上每有一个价格翻倍）
可以无伤反射植物僵尸的子弹

墓碑召唤者（黄金卡牌）
墓碑吞噬者和墓碑的结合体
该植物？无法被篮球投掷或者植物子弹击中。可种植在裸地或者草地，无法种植在水面花盆睡莲等植物上。该格子无法种植其他植物，也不会出现坑洞
拥有相对低费的起步价（有助于召唤流前期过渡）
放置后立即从前方格子的地底召唤一个黑橄榄头盔的舞王僵尸（防止出现魅惑僵尸进家）（可以减轻召唤流前期压生存力）
每过一定时间在本格和前方格子的地底召唤出一个黑橄榄头盔的铁门僵尸和一个机枪射手僵尸（或者一个炎头坚果僵尸一个机枪射手僵尸）
图鉴介绍：
“不是，哥们。做人不能…至少不应该…”
“我又不是人，我是植物。”

蹦极标志炮车（钻石卡牌）（单格植物）
可以发射一个蹦极标志，延后在对应格子召唤一个魅惑蹦极僵尸抱走该格内的植物，然后生成对应植物卡牌

全息投影食人花（钻石卡牌）
手动选择攻击格子，投影位置的食人花影像将进行一次啃咬动画，然后将目标格子内最高血量的僵尸进行吞噬，并在消化后生成一个对应的魅惑僵尸的卡牌（可放置在任意格子或是卡牌持续时间结束后自动放置在投影本格）（冰车巨人将转化为无车巨人，巨人消化时间延长）

三叶草plus版（普通卡牌）
连续吹两次风，第二次会短暂蓄力，第二次吹风可以吹动巨人僵尸（包括冰车），仅造成位移无伤害

建议推出前几年视频中出现的机枪冰车僵尸
建议加强蹦极僵尸（加快偷取植物的速度）"
无瑕luoxu,男,四川,牛批的团队，牛批的大佬们，感谢你们[支持][支持][支持]
nizikore,保密,河南,神的含金量！8w人看直播
剛滿十一歲的小雨,男,福建,把机枪三调简单一点
把486拉进我的被窝里dou,男,安徽,杂交版最牛之处在于它的改动毫无违和感，完美切合一代，我发给我朋友看，他们都以为官方出新的了[喜极而泣]
玉山持,男,甘肃,宝，想玩敲罐子和放置僵尸的小游戏[给心心]
我叫李四儿,男,河南,神！必须支持！
YuuikAusan,男,安徽,给我一起大喊，手机版！想在外面破碎的休息时间里随时随地玩一玩[脱单doge]
去看那繁星点点,保密,江苏,兄弟搞个手机版吧，很需要。电脑只能办公玩不了游戏[大哭]
离谱的靠谱,保密,江苏,评论区这些只会张嘴问在哪玩，然后根本不会看up动态，被人解答了也不愿意说谢谢的人，真的让我感觉人外有人，明明我已经是一个很蠢很懒的人了，还有但凡了解一下就知道手机版很难做的，怎么有这么多张嘴就来的啊啊啊啊[笑哭]，根本回不过来，不过也是好事，说明杂交版真的火了
天堂老干妈,男,美国,我们需要跳跳杆巨人僵尸[doge]
Yoo_n,女,广东,不得不说个人工作组态度真的比大厂好多了
ya_suo_mao_jing,保密,安徽,潜艇伟伟迷现在在抖音直播！[脱单doge]
挽歌呢_,保密,安徽,能不能出个休闲模式啊，像原版那样，不费脑
机智的回形针,保密,浙江,从你才几万粉丝的时候关注的你，也算你的老粉了（觉得你杂交版之前的改版挺有趣的），没想到因为杂交版火了一把，只能说加油吧
安克雷奇的老师,男,河南,"我想投稿几个僵尸：
1：投尸车僵尸，可以投出僵尸到本行第一个植物前
2：读报小丑，小丑额外增加二爷的效果
3：蹦极小丑，会爆炸的蹦极僵尸，不杀死就会爆炸
4：隐身僵尸，不阻挡不显形
5：阳光雪人，干掉了有奖励，干不掉有惩罚（扣阳光）
6：僵王硕士，巨人血量的僵王，可以放僵王技能
7：酒八舞王，召唤早八僵尸
8：有机僵尸，种在它尸体上的成长植物立刻成长
一些植物：
1：坚果保龄球：可以投出保龄球后坚果
2：僵尸磁力菇，可以把吸到的防具扔出去
3：愤怒咖啡豆，其下植物死亡后爆炸，伤害为小樱桃炸弹
4：僵尸吞噬者，种在僵尸头上，持续造成伤害
5：内鬼射手（100阳光），给僵尸加血（不可超过上限），但是僵尸被杀后内鬼射手将会成为我方植物目标，死亡掉落500阳光；当其被僵尸吃掉后，掉落100阳光
6辣椒喷泉，造成"
斯德哥尔摩情敌,男,贵州,[脱单doge][脱单doge][脱单doge]请问啥时候手机版能上线！！！
马克有点虎,保密,新疆,"手机版什么时候出啊
我这个农村入没有电脑[笑哭][笑哭][支持]"
灵梦梦梦丶,男,广西,能不能做一个肉鸽模式[脱单doge]每过一关可以选择效果（正负效果，或者获得额外技能或者道具），几种植物之间组合可以成体系（3个向日葵加产量啥，在同一个地方在种植一个相同的植物可以升级子弹一些奇奇怪怪的效果）。拜托要是能做出来的话我什么都会做的[给心心]。加油啊！我会一直支持的！
某个被烤焦的作怪,男,江苏,Up，我最希望的就是能把那个阳光上限改一下 ，全息最多只能种六个 ，第七个要12800 ，but阳光上限，种不了啊[疑惑][笑哭][笑哭][脱单doge][妙啊]
干脆就没有昵称吧,女,河北,"投稿僵尸
小偷僵尸：会以极快的速度冲到面前，并偷走面前的植物（无视血量）然后以极快的速度逃走，死亡后掉落被偷走的植物卡片（或者在死亡的格子内生成被偷走的植物）速度感觉比报纸破裂的冰车二爷速度快个1.5倍差不多[打call]
图鉴：“这份工作是伟大且完美的”小偷僵尸对其他僵尸侃侃而谈道。但他却忽略了身上破烂的衣服，以及背后的大袋子，这导致了他只是在其他僵尸饭后余谈的口中小丑罢了[脱单doge]"
Doukuあzzy,男,江苏,以前初中的时候画的，真的很喜欢pvz[doge]
黎靈_,保密,四川,目前这个游戏为电脑版，目前手机版只能手机云玩或者利用虚拟电脑玩，但是都非常卡顿，没有游戏体验，我希望的是，也是广大没有电脑的玩家的希望，能够 有一天能够有真正适配手机版的出现，能和电脑版一样的体验。因为大多数人是没有电脑的，如果适配手机的话，我相信这个游戏绝对会更加火爆@潜艇伟伟迷
一个路过的OOOhyys,男,江西,建议开个联机版，一方僵尸一方植物[doge]
我难道还是做不到吗,保密,河南,up主什么时候做砸罐子和我是僵尸的小游戏啊，想玩。
小羽来,保密,江苏,就是为啥我电脑上下的那个页面那么小[委屈]   我是新手   求大佬解答｡°(°¯᷄◠¯᷅°)°｡
兔耳の路人,男,黑龙江,哥欸，什么时候能出手机端的正式版呀？[笑哭]
foreverOoOOOOoO,男,山东,评论一下，不玻璃心[大哭][大哭][大哭][大哭][大哭]
5455551,保密,广东,作者 有个bug无尽盲盒种出牢笼的时候去存档 然后再次上游戏等牢笼消失必闪退啊 [呆]好几次爽局就这样被毁了重开无数次都没用
爱划水的崎柒-w-,男,贵州,能治好电子养胃的游戏不多了[给心心][给心心][给心心]
浮妄言,男,吉林,僵尸也多融合一些吧，相比较植物来说还是太少了，我先投稿一个“舞王巨人”[脱单doge]
萌萌哒的糯米丸子丶,男,江苏,昨天下载晚上8点玩到了凌晨一点，太上头[呲牙]
星辰之鲲,男,吉林,十多年前买的，上面儿收集了up说的那些植物，还有一些特殊的僵尸和植物
星系拍照牛,女,美国,还有人气特别高的QQ弹弹大喷菇
牛逼的某崔,男,山东,能不能出手机移植版[保佑][保佑][保佑][保佑]我家没有电脑，但太想玩了
九九w,保密,上海,等等。。他是不是两天涨了20w粉丝。？？？？？
苏噗噜Supuloo,男,浙江,这个豌豆射手搭配up的声音 太可爱了！！
自己家的新手,保密,浙江,"每日投稿：
姓名：时光之钟
长相：左边一个绿色的时钟，转的较快，右边一个灰色的时钟，转的较慢
占地面积：2格
阳光：200
冷却：非常慢
能力：放置后增加所有植物的时间流速（参考游戏加速，对惩戒牢笼，精灵菇等有存在时间限制的无效），同时减少所有僵尸的时间流速（参考减速）
简易简介：时间伟力！！！
简介：这只是2个普通的时钟而已，你说它俩为什么要连起来？而且转速也不一样，可能是坏了吧。也许可以去问问被冰了2000年冰菇窝瓜[脱单doge]"
王艺龙258,男,云南,不要问手机能不能玩了？问就是能玩，但是要模拟器[笑哭]
FBI新番探员,男,山东,UP要加油啊，处好圈内关系，不要步入三叉戟的后尘啊！
二次元的老痴汉,保密,广东,昨天看的时候还是167万，今天就207万啦？？？
短时间昵称,保密,广东,什么时候给游戏来个舞王巨人[吃瓜]
chonggeng1982,男,山东,能不能出移动端的 就是手机端和苹果端的 这样更加方便
巽风-无心,保密,浙江,提个建议，可以开创意工坊自制地图关卡植物僵尸[脱单doge]估计会有各种各样（奇奇怪怪）的好玩的东西
徐坤召唤,保密,河北,投稿新植物（人）1:1铂金硅胶等身手办，技能:用来观赏，阳光耗费1145，期待速出
bsktballezif,男,山东,为啥我的全屏不了啊[微笑][大哭][大哭]小小的玩着好难受
游斯机,保密,江苏,我靠贴吧那些图我以前有盗版植物大战僵尸卡片，基本上和up自创的风格差不多，是我上小学时候玩的，如果那些卡我还有就好了，可以给up更多灵感，我记得有个什么豌豆酋长啥啥，小时候以为这就是植物大战僵尸的第二部没想到居然是一些厂商自制的。就是这种卡
翎丶ling,男,天津,有个想法啊，能不能给双位置植物做个套[脱单doge]
永远向果酱吐司,保密,四川,upup，希望您能开发一下植物大战僵尸的小游戏，小时候玩儿原版的时候，最喜欢的就是里面的小游戏了，希望您能开发更有趣的玩儿法，可以不仅限于塔防，这样可以增加游戏的趣味性[脸红][脸红][脸红]
白饭凉白开,保密,河南,这个哥们早几年就开始做这个了，一直不温不火，现在一下子火了曾经做的东西也够量，一下把大家填饱，真的是曾经的努力换来了质变
一叶知秋233333,男,加拿大,整点广告，整点代理，能吃点饭就吃点饭，你做这玩意真的出力了
-慢声声-,保密,湖北,"阿婆啊，有兴趣做做僵尸公敌吗。
有点对杂交版做僵尸公敌想法：一、原版的循环体系是  基础阳光—放僵尸吃植物—吃向日葵给固定二百阳光…  但无尽后面向日葵数量稀少就难以维持循环，所以一句话就是，要弄一个简单点的的阳光循环。1、所以我第一个想法就是，每一关给固定阳光值，这样阳光基础有保障；2、出一个向日葵僵尸（阳光僵尸吃植物给阳光，不同植物给阳光值不同），同时下一关可继承结余阳光，或者直接吃所有种类植物都可以给阳光也行。
二、原版的僵尸种类和后期的阵型都是固定的，一方面是因僵尸各有所长，在各僵尸的机制下能攻克相对应植物，这是优点，但玩时间长后就缺少乐趣，基本都是固定套路（双舞王互保、磁吸镐的正向矿……）。另一方面植物阵营没有特殊功效植物，对这我想法是要多些变化以提升趣味性。1、固定几种普适性的僵尸，然后再有几种特殊功效僵尸，特殊僵尸随机出现，但权重不同，根据场上植物提高针对性的一两种僵尸出现概率。比如共十个僵尸卡槽，一个阳光僵尸（若有其他阳光循环方式也可换其他普适性僵尸），四个普适性僵尸，两个针对性僵尸（非固定给针对性僵尸，只是出现针对性僵尸概率更高，如60%）、三个随机僵尸；2、必要的话，给僵尸加上一个较短的冷却时间，可以削弱相同僵尸（舞王）的左右脚天梯；3、杂交版做僵尸公敌模式还有一个难点，就是很多植物带不同效果，多种类子弹或者火力强大，要对这种植物加以限制（攻击频率、出现概率子弹种类…）；4、如果继承阳光，那可能出现下一关基础阳光过高或过低的情况，那就可以适当提升难度，可以给植物阵营总体强度适当变化，高输出植物的数量或者是特殊功效植物的数量。或者还有另一点变动，原版固定五排植物，那可以根据阳光值情况改变植物排数，也就是阳光高就六排甚至是七排，阳光少就四排，这样也需要考虑植物和僵尸的强弱。
不过我没玩过杂交版，不太清楚植物和僵尸战力如何，不知道我的想法符不符合杂交版的情况。期待杂交版更好"
冰阔洛TcT,保密,内蒙古,求教   为什么我无尽礼盒只有6个礼盒
灵衣如雪,男,江苏,能不能出一个手机平板能玩的呀 电脑是真的不方便 手机可以随时随地玩方便的很[星星眼]
灵风心动,保密,河南,"upup，我有一个想法，可不可以将类似于虫族的菌毯作为一种新植物加入，作用大概如下：
种植下去后会慢慢自行蔓延，不占据草坪位置，根据种下的菌毯种类不同而具有不同的效果。
强力菌毯：拥有强壮而有力的根茎，能够深深地扎入地下拦截矿工僵尸。
治愈菌毯：能够缓慢恢复种植在菌毯上的植物，并且会慢慢往植物身上蔓延，起到保护作用。
生命菌毯：每隔一小段时间会生长出几只小虫子，能够拦截并对僵尸造成伤害。
火焰/寒冰菌毯：对走在上面的僵尸造成火焰/寒冰伤害，并造成灼烧/减速效果。
茂盛菌毯：拥有极为发达的茎叶结构，每隔一段时间都能够在最前方长出长长的叶片，能够阻拦僵尸并有一定的荆棘反伤能力。
所有菌毯应当能被碾压消灭，但是不会被啃咬消失，类似于地刺的生存能力"
ls96sl,保密,江西,来个手游
小蜗的汪,保密,福建,我今天才开始玩杂交版，算是30+的老儿童过六一了
我的世界114514926,保密,河北,我在等手机版，你们在等什么？[doge]
赛博尼亚的小号,保密,河南,这个大喷菇[脱单doge]为啥要对着我们呢
My_Fila-Mint,保密,广东,我靠！这粉丝量甚至都超过熊出没官方了
少特么来这套,保密,浙江,出个超级迈克尔召唤的舞伴改成迈克尔，就这样跟裂变一样，一个变一群
恰着火锅唱着歌儿,男,吉林,把植物大战僵尸推上了新的高度[点赞]
梵墨12138,保密,四川,‍up，我的电脑是i5-12400f，amd6700xt，在玩杂交版的时候出现了几个问题，在此向你汇报。1.会出现玩一会就闪退的情况，闪退情况在玩惊喜盒子和轨道的时候尤其明显，基本上就是在第三回合刚开始就必然会闪退。2.在开启3D加速的时候，游戏画面有7成概率会出现极为卡顿的情况，接着就会闪退。3.在玩各种无尽模式下，植物会有概率出现隐身的情况，会有某一条草坪僵尸植物同时隐身但还在正常打架。
oh_hsy,保密,广东,"大佬，每关即将结束的时候，加一个选项（是否开启地狱模式）有些人喜欢简单模式，但当局的大后期爽感就体验不到了[脱单doge][脱单doge]多一个这个选项也许会更有意思。（也可以设置，开启后的奖励翻倍，钻石啥的）

2.钻石可用于买肥料，浇花系统，随机产生植物，养大后可以增加到牌里的新植物"
秋风-qiufeng,男,山东,什么时候出个手机版啊 这么好的游戏不能随时随地玩，不能让更多的人知道太可惜了[doge]
好吃的阿姜,保密,河北,伟伟迷要两百万粉了，实在涨太快了，真的出圈
菊开瓶,男,意大利,什么时候出个肉鸽版，我都想好了，我们只能拿基础卡然后合成杂交卡，然后路上还有戴夫商店，还有随机事件，还会遇到boss，还有精英，还有精英关想想都非常合适
Lmm慢,保密,河南,只要你在玩杂交版，请尽你最大的力投币，因为此，游戏是纯免费我们只能用投币来支持了[给心心]
爱咋咋地吧233,保密,山东,能做个杂交版的砸罐子或者我是僵尸吗
張鶴張鶴,保密,山东,"出个肉鸽模式
再出个自由杂交模式，杂交编程（像noita里面法术编程一样）直接封神"
飞卢最帅作者,保密,江苏,刚开始玩，请问商店，树和种植园有改版吗
撤硕拉满仙人,保密,上海,哥你是真牛逼，但是能不能推出个平板手机也可以玩的[笑哭]
栗小丸丸,保密,湖南,投稿，巨人舞王，明星橄榄球巨人舞王，冰车巨人僵尸雪橇[脱单doge]
魔鬼同人,保密,福建,不好意思，说个题外话。植物大战僵尸DLC版也是个不错的一代拓展版，感兴趣的朋友可以玩玩看。
你好矬,男,浙江,"以后版本想见到这两种巨人:
武装紫眼巨人:本体血量12000一类防具只带黑橄榄，二类防具铁门（带废稿头盔太出生了）
篮球车巨人:巨人可以下来白眼巨人，会扔七个大篮球三倍篮球车的篮球伤害，扔完球和篮球车一样，巨人会下来和冰车巨人一样
[doge][doge][doge]"
CGcruel,男,北京,可以设计一个磁力高坚果，能吸金属，如果吸了头盔类金属可以回复血量（不会超过血量上限），能扎破轮胎和抗砸，最多抗三下，但是可以通过回复血量使得能继续抗砸或扎破轮胎
兮兮安在学数学,男,浙江,这才是游戏开发者本来的样子啊！[委屈][委屈]
狗子真不会玩qwq,保密,辽宁,可能潜艇伟伟迷都没想过杂交版能这么火吧。。。
追光--o,男,江苏,你让我想起了一位小学同学，他曾经在那个智能手机快普及的年代用纸和笔在班上实现了玩PVZ
神速大号令,保密,广东,游戏很好玩感谢作者，如果能解决闪退问题就更好了[鼓掌]
咱家的大象会上树,保密,山东,游戏很好玩点赞了，之所以没有投币是因为目前游戏频繁闪退，所以体验感并不好，闪退太搞心态了
狂鸟丶楚河-90327,保密,广西,五月初看的时候还只有70多万粉丝，这才不到一个月涨了150多万粉丝，确实如你自己所说，我用心做视频不怕它不火，你的努力终于得到了回报，你改版的游戏得到了玩家们的支持，加油[兔年]
安德鲁因,保密,江苏,up声音听着，好像初中生一样的[笑哭][笑哭]
无欲无求即是自由,女,河南,哥们没电脑 等高考完毕业狠狠地玩
想种一树花,男,贵州,其他的我不知道，我只知道这游戏在大学生圈子里泛滥了[微笑][微笑]
w羽丶蝶w,女,上海,"[藏狐]人菜瘾大~
一个多星期了~才打到樱桃辣椒那关~"
冥界萌龙,保密,北京,可以加个禅境花园吗[脱单doge]
香香Nana,保密,湖南,能在手机上玩吗
劳力大,保密,北京,我觉得应该暂缓新植物创作，侧重于改版的平衡性，以及提高游戏可玩性，而不是一直堆内容，这样才能也更长的生命周期。感觉现在已经或多或少出现战力崩坏的情况了。。。
bili_48610220557,保密,上海,除了夸克网盘有没有百度网盘安装包或者压缩包之类可以直接下载的？看了很多杂交版的视频，觉得很不错很有意思，想玩。[脱单doge][星星眼]
冬寒170,男,安徽,花园能不能加上，整个花园培育房，自己杂交一些植物
尖叫猫咪咪,保密,上海,up主有时间的话可以在油管开个账号，歪果仁也很喜欢玩，而且那边视频收益更高一些
符瑶koritsu,男,广东,[嘟嘟]好玩喜欢
还能履行诺言吗,男,福建,等我买好电脑就玩[星星眼]
空冥卡尔,男,湖南,UP，关于杂交版，我想问问，以后会出类似于我是僵尸那种类型的模式吗。就是玩家操控僵尸去吃脑子，如果出来的话，我想，炎头，海豚骑士，冰车巨人和冰车二爷估计会成为那个模式的T0
而今此小号也,男,广西,很像六年级毕业演讲的语气[doge]
爱学习的柯益,男,陕西,up，能不能出个手机版[大哭][大哭][大哭]
彼夏难复徒余梦,男,福建,"怎么说呢[笑哭]读小学的时候就幻想烂了，同期的杂交水稻可能是赛尔号后来的精元融合。[笑哭]so只能说不意外，只是没想到宝开并没有做而已。天呐。
天呐，这么些年的光阴一下回来了。十一放假，在家写阅兵式的观后感，写到一半，用橡皮泥捏过一个豌豆射手和向日葵。这些年什么事都记不住，却还记得这件事。
我已经快记不清小学是什么时候了。"
伊洛冕下,保密,河南,世界真小，14亿人形同虚设，我和潜艇伟伟迷一点都不认识，这就算有联系了[笑哭][笑哭][笑哭]
全身是反骨头,保密,河南,第一次看到潜艇伟伟迷的视频的时候，他的粉丝只有十几万，视频也只有100多个，我看他的第一个视频是他的自制关卡，当时他的视频的配音还是战争进化史的背景音乐，现在总有一种养成的感觉
彼梦星辰,男,广东,望君能走得足够长远，说实话我有点怕，站在风口上，总是比较危险的。
九把斧,保密,天津,UP，UP，什么时候来个玩家设计关卡，我们用僵尸来破关啊，三连奉上
空玄A,男,广西,我靠，我这才多久没看啊，200多万粉丝了，牛B
acercando,保密,北京,就是经常闪退和卡住不动，希望有解决方法
KESLM,保密,安徽,全是优点，只有一个缺点，手机不能玩…
名字长才有人玩,男,河南,"可以出个PVP了[脱单doge][辣眼睛]
然后4～8个人一起打，谁坚持到最后一波谁赢"
纳斯基斯巴鲁,保密,浙江,快手上，有个叫阿远的，用杂交版圈钱，up快去维权[大哭][大哭][大哭]
绵羊君_huyuhuy,保密,湖南,这声音好像是AI配音吧，这么多人都觉得是真声的吗？[思考]
hrhstc,保密,福建,这个视频最后要是有奈奈子的话，将是绝杀，直接出音味来！[滑稽]
小玄大帅哥,保密,内蒙古,"哥我给你想了个新金卡
向日葵机枪
花费300阳光
血量300
攻击20*4/每1.3s攻击一次
每25秒产生25阳光
30s后长大
血量1000
攻击40*4/每1.3s攻击一次
每25s产生75阳光
长大前：每一颗豌豆击中僵尸掉落25阳光长大后：每一颗豌豆击中僵尸掉落50阳光
介绍
向日葵机枪觉得自己是最厉害的，在一次执行任务的时候被一堆巨人包围了，他发射了子弹，那位玩家获得了最后25阳光，种下了禁忌毁灭菇，向日葵机枪的前面全都是弹坑，所有植物都不得不承认向日葵机枪获得阳光的速度还是很快的[星星眼][星星眼]
最后再说句，潜艇伟伟迷你就是我的神！！[喜欢][喜欢][喜欢]"
训练师の火箭队小遥,男,黑龙江,希望杂交版越做越好，真的很好玩[星星眼]
白干公司的魔弹射手,保密,山东,能不能出一个在原版基础玩法之外的另一种玩法我的想法是这样的，就是在传送带这种玩法之上，再增添一种玩法，就是你用阳光买传送带的随机植物，你可以用更多的阳光让传送传送自选植物，或者你你用阳光直接传送带赛满随机植物就这样的模式
龙临书,男,江苏,真的非常厉害！不过有的时候会闪退[笑哭]
泥头车车来咯,保密,山东,老师老师，可不可以像美食大战老鼠一样加入一些新的boss？过几关就有一个boos战那样的！[给心心][给心心][给心心][给心心]
24K纯唐,男,河南,不是我说小老弟，这个潜艇伟伟迷他是戴佳伟吗？
丨吃橘子的熊丨,保密,四川,要不要加强一下财神爷，有金币猫咪，感觉财神爷性价比直线下降，甚至感觉有单拉夸
憨然小玄,保密,浙江,"想玩双人对战模式[给心心]
两个人挤在电脑前面肯定很有意思
就是无限穿透类植物可能有点赖[脱单doge]"
弹簧_channel,保密,浙江,高考回来就来玩![打call][打call]
星雨木木,保密,陕西,谁知道在哪里可以使用银币金币钻石吗[妙啊]我没有找到商店
T357,保密,天津,"给up冲了30块钱，大学生经济实力有限，只能这样了
谢谢up，让我找到了童年和朋友玩PvZ的快乐。小时候家里的老电脑没有网，没什么可玩的，只有一个植物大战僵尸，和朋友一起把植物大战僵尸通关了数百遍，后来95 beta e版之类的改版也玩了不少，杂交版是我玩过的最精致最有趣的改版。这30块钱就算是我对up的支持了。
顺带一提这个闪退的bug什么时候修啊
[支持][支持][支持]"
OFive_O5,保密,江苏,闪退不是它的问题，是我电脑的问题
影噬卐,男,江苏,"哈哈哈，up声音比我想象得要稚嫩，真是个小天才，祝贺即将两百万粉[脱单doge]另外我觉得可以多整点其他模式，很多人都很期待你曾经的那个射击模式。
我个人是更希望能多一些新的植物，比如二代也有很多新的植物，还有我很喜欢的一个植物菜问。然后，现在感觉主要常规输出还是冰喷菇和冰仙人掌，希望能再多一些类似的常态位穿透输出，冰仙人掌削弱之后我很长一段时间都不知道带什么植物来当主力。"
人言君丶,男,山东,光芒骤放，不可逼视，坚持仙蛊，在此刻，练成！！
佳佳CHINA,男,河北,喜欢杂交版的原因是和原版画风很像 植物僵尸贴图不违和 看着非常舒服 我就喜欢这种贴近原版画风的 希望下个版本能修复下全屏闪退问题[给心心]
良民Ln,男,辽宁,伟伟迷可以把原版的植物加进去吗这样可能变数会更多一些，还有能把土豆加农炮的土豆换成正常土豆吗换成阳光土豆的话感觉太超模了[脱单doge]
SNAKE6小6,保密,上海,曼波！在生活中可能会有很多的困难不妨大胆尝试一下呢要向上面那个主播一样，你！我的朋友要相信自己！
冰镇瓜瓜丶,保密,山西,建议放到一个平台然后更新版本方便[脱单doge][脱单doge]
三朵树,男,四川,做个手机版吧，每次想玩都要开电脑太麻烦跑[跪了]
豆腐乳酸钠,保密,天津,希望可以实装这个僵尸空艇[脱单doge]
山谷风wind,保密,湖北,这个在淘宝卖的很火啊[口罩]
红色渡鸦,男,浙江,玩家只要享受游戏过程就好了，策划要考虑的事情就很多了
VeepingAngel,保密,广东,我靠，没多久前关注还是80w关注，现在已经暴涨到180w了
SUNRUOYANG,男,福建,多少钱啊？啊免费啊？什么神仙啊？要不收益点钱吧，一块钱很合理吧？细水长流嘛[龙年]
白泽一只,男,江苏,真的，小时候买卡片总想着网上怎么找不到这些版本，现在小时候的梦想实现了
奥托z,男,北京,希望有生之年出一款手机版[脱单doge]
游戏是电子海洛因,男,山西,想象力和探索欲是人类能够走到今天的基石
止不住的信欲,保密,浙江,老铁能不能出个换位植物，效果就是可以让全图任意两个植物互换位置，感觉这样可操作性会高很多
开拓者派蒙帕,男,河北,"投稿僵尸
个人感觉现在的难度主要还是在量大上，我个人是很喜欢僵尸王那种的个体boss，能不能出个僵尸王mini加入僵尸行列"
一见倾橙丶,保密,河南,杂交植物不愧为pvz史上的一个伟大里程碑，但最令我佩服的，仍然是作者将其作为免费游戏向广大玩家推广的坚持！加油潜艇伟伟迷！加油杂交植物！
Yancccc7,男,广西,而你我的朋友你真的需要这些硬币[脱单doge][脱单doge][脱单doge]
墨柒末染,保密,湖南,最好的儿童节礼物，送给多年前玩Pvz的自己
寄北of,男,江苏,沿着前人的路做出更好的东西，这不就是开拓的意义吗[墨镜][打call]
万物生长不在,男,山东,能不能把闪退的问题解决了，每当玩兴奋了，闪退搞我一下破防了，太折磨人了[酸了]
无两小亿,男,河北,求作者大大下一次更新添加禅境花园，真的小时候就很喜欢那个模式，杂交版玩不了感觉意难平(已三连，狠狠期待)
久夜未半,女,贵州,没发的时候我就觉得这个改版会很火，但没想到这么火[笑哭]
潇潇凌雨歇,保密,山东,up主，我的快捷键123不能用了[大哭]一开始能用的，后面就不行了，别的快捷键就还能用，有没有什么解决办法啊
狂野的乌龟,保密,吉林,"投稿植物
玉米高坚果"
短尾巴的柯基,男,河南,刚下载的，偷偷问一下，金卡的挑战模式是干啥的呢？
硫酸雨啊,男,美国,作为普通玩家想提一点自己的建议，能否可以改一下上面植物槽的高度更高一些呢？在一大波僵尸中经常遇到被最上面一路巨人僵尸完全刷屏挡住我植物槽的情况，完全看不到我植物栏cd，非常影响游戏体验
云上青不小,保密,湖南,地图上面能不能做一个类似美鼠的芝士城堡那种变化类地图，还有能不能做个战场大地图
小小的剑士,男,湖南,是真的好玩，通宵四天，充电支持一下
真特莫闹挺,保密,辽宁,所以，下载完打开之后的fatal error到底是哪里出了问题？
所罗门_Solomon,男,浙江,"大家对pvz杂交版的热爱，是对童年时的奇思妙想实现而激动不已，感谢你们唤醒了我们爱幻想创新的童年！
另外，太阳花女王就是我心中想象出来的，原版pvz的歌曲《有僵尸在草坪上》的台词--我们利用太阳的力量守护这片草坪。就是因此联想到--既然太阳花能生产太阳，那她如果用这股力量不就是个很强大的太阳女王了吗，所以游戏里有这个角色而且形象和小时候涂鸦的样子非常相近，所以真的很感动！"
有一白狸子,男,新疆,上Java课从同学哪里考来的，好玩上瘾[脱单doge]
逍遥我行,男,贵州,"投稿
阳光菇地刺
初始因为埋得更深不会被巨人攻击也不会被冰车碾压但可以偷偷的攻击(因为是偷偷的所以可以适当减攻速)，长大后变成地刺王此时可被巨人攻击和冰车碾压但也能抗住数次攻击/碾压
灵感来源  小蘑菇藏在土里不容易被发现，长大后才容易被发现然后拿走吃了[脱单doge]"
循幕沿漪,保密,湖北,小时候买的一些卡片上面印的植物，在伟伟迷的视频里面真的能找到[笑哭]
抽到流萤再改名,保密,四川,中午看还是180w，现在快200w了涨粉好快
雷霆滑稽熊,男,甘肃,能出个雪球巨人僵尸吗，类似联盟里面的努努[doge]，推着僵王吐的那个雪球，然后只能拿灰烬解
Jessica-岚,保密,陕西,游戏挺好玩的 就是太难了 就能打过休闲难度 普通难度不开修改器根本打不过 困难难度更不用想了[笑哭]
藤原AE86自家用,保密,海南,谢谢大佬能让我玩到这么好的游戏，也算是圆了小时候的一些幻想，谢谢大佬[打call]
笑指沾花丶,男,河南,植物大战僵尸就像是军姬一样，玩家们不断为其增加设定，不断被玩家认可，pvz的内容也越来越丰富。
゚゚゚゚゚爱莉希雅,保密,广东,眼红巨人来啦@撑死的姜丝sir
林狼梦澜,保密,广西,我想要手机版，模拟器太卡了，PC端又时不时的闪退太难受了😣，希望作者尽快优化好PC端的闪退问题，如果能尽快出手机版就更好了。
呼啦啦巴巴共,男,山东,哦我的大神，您什么时候能出一个手机版呢，不方便用电脑的我像是有蚂蚁在爬[大哭][大哭][大哭][大哭]
白鸟Bain,保密,福建,能否出个安卓版，手机玩家表示想要[脱单doge]
nxjxjxdj,保密,上海,想玩手机版的[打call]，平板带着方便一点
KEISAO,保密,山东,潜艇伟伟迷让植物大战僵尸焕发新春[星星眼][星星眼][星星眼]
妹红是个笨女孩,保密,广东,要不直接开个新肉鸽模式吧，开局只能挑选原版植物（僵尸难度递增），过一天进入各种奇遇事件还有个个基地，要负责防守多少天之后有大波僵尸靠近，事件就比如杂交实验室指定几个植物杂交什么的，或者戴夫商店买东西为玉米卷关内掉落）
哲盼缘紫淡,保密,内蒙古,作者出个bt无尽保龄球模式吧，可以参考其它模式的僵尸数量，出多点，然后把你做出来的那些新奇的坚果做进去，比如佐菲坚果，命中僵尸触发溅射伤害（伤害可以改大点，两次溅射一个普僵），冰坚果命中触发减速（或者命中直接触发冰镇菇效果），土娃子坚果命中后原地产坑消除33范围的僵尸，生瓜蛋子命中触发9格范围溅射，辣椒坚果命中炸一行（刚好替换原版的巨型坚果），我觉得也可以把你们新做的蜗牛壳加入进去，命中后直接满屏乱弹，把僵尸弹飞出去（增加点喜剧效果），我自己也想出来一种新坚果，分裂坚果，命中后一变二二变四四变八这样，最多变三十二（保护显卡），对付尸群效果拔群，此外还有魅惑坚果（命中策反一片），毁灭坚果（命中炸一片）等等，希望作者可以采纳，也希望兄弟们顶我上去让作者看到[脱单doge]
想取名字就这么难麻,保密,四川,我无尽随机玩的多点，说实话，难度真挺打的，咋都打不到第四次[笑哭][笑哭]
阳光牢大爱扣比,保密,湖南,我怎么感觉照这个进度，这视频能破千万播放量，一天就500万了
佚名wgfqbbudww,保密,陕西,一人血书砸罐子，我是僵尸，坚果保龄球，禅境花园
RNG-GALA,男,辽宁,"坐标辽宁，今年高考。
初见pvz，源于刚上小学时我爸带回来的一个u盘。它算是我玩游戏的启蒙导师吧。
除了杂交版，从未有如此一款爆改的pvz能如此得到我的钟爱。儿时幻想的曾哥南瓜、火焰豌豆等植物竟真的有一天呈现在电脑中。
坚定自己的热爱的人是了不起的。相信作者在研发出这款游戏并取得成功之前，一定经历过不少困难挫折；作者能够始终保持纯粹，没有为这款游戏设置任何付费门槛。这种始终如一的精神，令我钦佩。
这款游戏的意义，早已超出了它本身。
感谢作者在我备考生活中带来轻松快乐。祝作者，祝一切怀揣理想信念并为之奋斗的人。我们都会成为自己想成为的那个人。"
甄锝铈铌氩,保密,湖南,伟伟迷不愧是神，你的视频都已经是游戏区第一了[脱单doge]
海深始见鲸,保密,湖北,up，知道您很辛苦，但希望能尽快解决闪退问题[笑哭]植物可以慢点更新，但闪退真滴难受[大哭]
bili_84137167105,保密,河南,潜艇伟伟迷 我们敬爱您口牙！！[打call]
Sasuke古月,男,江西,杂交版能火，并且能一直保持热度，和别的改版的差别就是，内容量多，作者持续更新，质量高，很多全新内容，以及各位的推广，作者是真的付出很多努力的。
苏门答腊像梅西,男,吉林,能否拓宽草坪，如果7格甚至更多格会有不一样的感觉
lmoko,男,江苏,首先祝贺pvz六一快乐！！其次想问一下up这个游戏现在有手机版的嘛。
南柯梦袊,保密,河南,当代孟德尔[星星眼][星星眼][星星眼][星星眼][星星眼][星星眼][星星眼][星星眼][星星眼][星星眼][星星眼]
我要当超级大反派,男,江苏,upup，出个🪷的植物吧，今天在学校看到浮萍了，还开着荷花，感觉可行的
不要说话-__-,保密,广东,玩了一下杂交版，挺有意思的，或许还有一些不足的地方，游戏卡顿、闪退，掉帧等情况，我想作者也在努力修复吧，继续加油，把这游戏完美的呈现给我们！！！[打call]
晴空的微风,男,上海,我在PC上玩的杂交版屏幕太小了，把全屏打开也没有反应，不知道有没有和我一样的[笑哭]
皮格雷尔,男,山东,"迎接我们的神😋
丛林加特林😱
张万孙下雨了🤯
汉堡王😎"
Dr_Clef,男,安徽,雪橇车巨人那个车爆了之后那个巨人刷新我觉得可以往后退半个格子，每次好不容易打下来他直接开砸了，没有缓冲时间
思情呋喃,保密,天津,感谢大佬做到现在，功夫不负有心人，记得第一个杂交视频出的时候就已经注意到了，那时候才几十万粉，然后翻看了作者往期的视频感觉这个作者好有才华，就一直关注着，杂交版2.0出之后作者直接涨了接近100w粉丝，这么优质的内容活该你火，祝作者和杂交版越来越好[打call][打call]
夜冰挽歌,保密,新疆,也许是因为他六年前的一条动态，命运的齿轮开始转动[脱单doge]
TelAcy,男,广东,你好，我提个意见，僵尸太大只，把上面的植物牌挡住了，操作有点不方便[喜极而泣]
神树花花,男,河南,up能不能把种树和花园也整改整改，一代已经满足不了我了
江南丶烟雨尘,男,河北,大佬能不能改下分辨率[笑哭][笑哭]喜欢全屏玩游戏，现在这个版本全屏有点糊。只能小窗口
冰冻的冻牛,男,浙江,突然发现豌豆射手也不错[doge]
小雨清晨ai,男,广东,大佬能不能复刻一下二代啊，虽然二代运营很烂，但是二代的关卡和僵尸设计还是很有特点，比如木乃伊海盗啥的
h斩断尘世缘,男,河南,希望出个敲罐子模式，毕竟原版那个挺不错的[歪嘴]
是你的负卿,保密,湖南,支持，但是已经有窃取成果的倒卖了，不希望当初戴夫指挥官的事情梅开二度，有什么办法能管制吗
默默陌陌z,保密,河南,手机版求求了，为了玩杂交版，每天背着我的游戏本上下班
壮壮臭臭,女,天津,现在一上班打开电脑就开玩，一玩玩一天
scarecowOVO,保密,广东,卧槽，昨天还是190万粉丝来着[藏狐]
流光-枉叹之,保密,福建,如果植2杂交会不会肝度爆炸[脱单doge]
l诺彦l,保密,黑龙江,我们全班都在玩植物大战僵尸杂交版[脱单doge]
喵埋君,男,重庆,"A:我们穿越了，现在几几年？
B:那边有个路人，去问问他好了。
A:那边的朋友，现在网上最火的塔防游戏是什么？
路人:植物大战僵尸
A:是2009年[歪嘴]"
洛圣都五星好市民老崔,保密,安徽,看了评论区大家的讨论，我觉得，创意无限，但是人的精力是有限的，不可能把大家的创意都实现，还是比较遗憾的。[喜极而泣][喜极而泣]
河神陆,男,未知,画风和声音带来的稚嫩感，给我的第一感觉是会到了童年，坐到电视机前听那些老朋友一样的少儿频道主持人讲话🤓
小李没有活了,保密,湖南,植物大战僵尸是真的好玩，我玩了这么多年塔防游戏在我心中植物大战僵尸是做的最好的那一款，明天准备开始玩杂交版，希望不要让我失望[doge]
_老船长_,男,河北,别的不提，阁下把大喷菇删了，我们都是好朋友[doge]
准骑士小狼,男,浙江,现代虚拟杂交之父[支持]
Swaggy查无此人,保密,福建,200万庆祝！[打call][打call][打call]
游日w,男,北京,曾佳伟
陌巷故人雨中逢,男,江西,"投稿：[给心心]
植物：冷静咖啡豆
阳光：666
CD：60s，再长一点也行。
效果：种植在某个植物上当局为这个植物卡片永久减1sCD冷却，不能长期存在的灰烬植物无效。
图鉴：夏日炎炎，虽然阳光是植物们的必需品，但植物们还是想要一杯冰咖啡来降降温。虽然冰雪制作的它总是转瞬即逝，但还是为辛勤工作的植物们带来了一丝凉爽。冷静咖啡豆很高兴能为植物们服务，但总有那么几个植物迫不及待地与僵尸同归于尽，冷静咖啡豆常常为服务它们而感到自责。“嗯，下次我一定要快一点。”冷静咖啡豆为自己打气到。"
开门氏Kaimum,男,四川,第一次投稿，评论区限制字数，就发图片了
摆烂地天天向上,保密,北京,"我有个创意能不能让制作一个工具选择栏，让玩家自选开场工具，让铲子哥下班。
比如加入禅境花园的工具
小车—将一只植物变成卡片，冷却30s
留声机—提高全体植物攻速100%，冷却60s
铲子—铲去植物，效果同原版，无需冷却
水壶—在使用地块复活上一支在此地块死去的植物，冷却40秒
除草剂—消灭一个僵尸，冷却20s
不知道这个想法可不可行"
吾冷的公主殿下,男,湖南,能不能有联机模式，一方种植物，一方种僵尸
睡美龙,男,山东,从几年前就看过up主视频，厚积而薄发在up主身上体现的淋漓尽致。
饕餮鱿鱼,男,广东,"“用爱发电，不以营利为目的”
看到这的时候鼻子酸了一下，在这个愈发艰难的时代，用爱发电真的好不容易，致敬每一个用爱发电为我们带来快乐的创作者[拥抱]"
昔颜惜韵,男,山东,wc，从伟伟迷几万粉看到三十几万粉，怎么感觉就几天不见就200万粉了[脱单doge]
浪迹天涯只为寻一人,男,浙江,阿婆阿婆可以制作一个安卓版的的嘛[大哭]，平板电脑上面安装模拟器也运行不了。
小阳vvvv,保密,四川,pvz这个之前我就有个想法做个pvp模式类似局域网联机植物与僵尸对战，可惜我编程功底太差了[笑哭][笑哭]
雾雨灵语,男,海南,确实一开始没什么大理想，因为僵尸方面考虑挺少的，不过嘛现在也开始了是不是。希望wwm能继续加油，还有制作or推荐更多好玩改版[脱单doge]
空城と,男,湖北,啥时间能弄手机版的啊[大哭][大哭][大哭][大哭]
狗都不要的屑茶壶,男,河南,我记得这好像是像是第二次录原声吧[doge]，上一次是春水堂雷姆手办，而且还露脸了
大大小小的黄黄,保密,上海,"投稿一个新植物:
磁铁毁灭菇
300阳光
效果:爆炸后可以将5×5范围内的所有僵尸的防具消失并造成500伤害"
邱克斯,男,广东,声音和这个豌豆头像一点违和感都没有
_被爱判处终身孤寂,保密,山东,我天 我记得之前看潜艇好像没这么多粉丝啊[哦呼]看来杂交版真的是火出圈了 恭喜[打call]
憨憨面包豆,保密,山东,手机端，我想要手机端[妙啊]，手机端什么时候可以端上来
夜风yfd,保密,内蒙古,发了这个视频之后好像涨20万粉了，厉害
许攸成,保密,黑龙江,啥时候能适配手机，不是那种云电脑或者什么的，就是手机打开就玩的[喜欢]
Mr-傑先森,保密,河南,博主  把v2.0.88安装程序  版本闪退问题修复一下吧
高木同学の忠实球迷,男,重庆,为啥我冒险模式关卡不全啊，没有僵王
李大大大哒哒哒,保密,山西,"加个类似云顶的海克斯，比如第一轮结束后给你三个选其一，比如随机3个金卡或者下一轮盒子所需阳光仅为100或者免费五个盒子。
在或者植物获得随机属性，比如植物攻速+1 或者植物血量+多少，植物伤害加多少，
当然海克斯只有前三轮有
感觉也挺有意思的[呲牙][呲牙][呲牙][呲牙][呲牙][呲牙][呲牙]"
永不出货缓之之,保密,加拿大,真的很好玩，up改的也很好，难度并没有因为植物杂交而降低但也没有很难，在pvz原版基础上也适当增加了难度。总之谢谢up!
多放酱油多放醋,保密,吉林,提个建议，最上面一排出冰车巨人的时候，会挡住卡槽，希望能优化一下
小飞侠vvvv,保密,陕西,能不能把卡槽放高一点，有时候僵尸都挡住那个卡槽了，不好选植物[笑哭]
cc_kyoukai,保密,北京,"真的很感触，在这个时代竟有人能保持童年的那种想象力，并且还用自己的想象力去圆上更多人的梦想。我觉得这段话太合适了：

“我反复画过一张画。深蓝色的背景中央，有一片更深的蓝。有人说像叶子，有人说像眼睛，像海里的鲸鱼。人们猜想其中的隐喻。其实没有任何含义，那是一艘潜水艇。我的潜水艇。它行驶在永恒的夜晚。它将永远，永远地悬停在我深蓝色的梦中。”
             ——陈春成《夜晚的潜水艇》"
小钊子儿,女,山东,这声音正好可以过六一儿童节[妙啊]
Forverempy,保密,广东,宝，什么时候出手机版，没电脑的大学生真的好煎熬啊[大哭][大哭]
雷之轻,保密,天津,没玩过，看其他游戏主播玩过，挺好的活，国内需要像UP这样的二创者，三连了，加油
24_4k240,保密,上海,这么多粉丝吗？想知道几个月前是多少粉丝，原来不止我一个在玩啊，还以为发现了什么小众爱好[呲牙]
CrispyHahah,男,湖北,植物大战僵尸这个ip从小学我就用我家十几年前的砖头电脑开始玩，然后在快玩游戏盒上面下了很多衍生版本，pvz魔幻版，pvz中国版这类型的衍生作品。后面玩了pvz2就感受到游戏逐渐过于商业化了，但是喜欢还是支持我玩下去（没氪金）。我很欣赏能够用爱发电坚守自己梦想的人，更何况up把pvz这个ip带到了一个新的高度。[爱心][爱心][爱心]
爱赢才会拼123,保密,陕西,问大佬们一个问题，冒险模式63关红色警戒 不带金卡，困难模式有解能过吗？
不知鱼玄机,男,福建,出原版的砸罐子和我是僵尸是不是直接爆火
何处暖阳_,男,安徽,昨天刚下载，这里面的银币金币有作用吗，还是商店还没开启
丶海鸥不再眷恋大海,男,辽宁,玩了好几天了，真的很好玩，哥们你接点广子啥的吧，总要糊口赚钱的，真的不介意
-想吃糖果-,保密,四川,能不能给出一个防闪退的教学视频
动物园在逃二刺猿,男,安徽,作者可以试着做一些BOSS关，肯定很有意思[脱单doge]
仇天匕,保密,广东,或许可以把一些强力卡牌做成紫卡
蓝鸢sabaker,男,四川,这对我真的很重要，我跟我妈都喜欢玩植物大战僵尸，这也是我妈唯一会的电脑游戏，感谢up
滴滴滴滴滴打车丶丶,保密,湖南,02年的嫩芽？其实可以考虑做个捐赠类型的收费  靠着波可以吃一辈子了
Danoy羊,保密,广东,这作者b站好像一个月涨粉了一百万[脸红]
希望慧遇到,保密,湖北,我没有开，无敌了好吧
SamirFlying,保密,上海,"有个小小的建议：
雨天种植物的模式的卡池或许可以更加精心设计一下？毕竟随机盒子是抽奖，传送带也很抽奖，稍微有点同质化了，而雨天种植物本身相比另外两种机制没有办法存灰烬、也没有阳光需求，使得玩家的可操作性其实降低了；
以及都是抽奖盒子的关卡或许可以开局给一些阳光盆或者向日葵啥的，降低一些对刷起手的需求，起始阳光和僵尸强度可以根据这个适当调整，不那么依赖起始阵容；
卡组也可以改成后面一些关卡那样给点模仿坚果、随机卡牌来给玩家一些主动操作的点|･ω･｀)"
阿拐泰裤辣,男,湖南,阿伟的声音好可爱，想入[大哭]
_没天赋的凡人,保密,新疆,幸运盒子无尽打到99波闪退了，存档没了：（
CAESA-R,男,浙江,对于后期金币溢出无用的情况，要不要考虑出个升级进化系统啥的[doge]
普普通通的一个up主,保密,海南,Up主，我希望你能做手机版啊，因为我没有电脑。
墨色丶天香,保密,山东,可不可以传百度云或者迅雷呀，夸克的下载速度比百度云还坑
闲事缠身秋时寂,保密,福建,"棘哥
每次攻击发射一个荆棘球造成250点伤害
每次攻击有25%的概率发射一整只棘对一行僵尸造成250点伤害"
小子会玩,保密,湖南,[doge]挺好的
硬核的周杰伦小粉丝,男,云南,手机能玩吗大佬[给心心]手机能玩那将是绝杀
有间客栈一两碎鹦,男,浙江,"金币类植物的体系感觉还有点缺陷，投稿几个[脱单doge]
聚宝盆（南瓜类）
1000钻
每隔一段时间随机产出一种货币。
且该格若有可使用金币类的植物，则产出货币只会给这个植物使用
血量降至一半时可吸收一定数量货币回血。

金钱豆（咖啡豆类）
可放置在任意格上
放置后自身会消失，并产生十个随机货币
若该格有可使用金币类的植物，则产生的货币只会给这个植物使用

注：若格子上的植物只能使用特殊金币种类，则其余金币种类也可被其他植物利用。"
それ裕,男,北京,杂交版满足了我小时候社区版创意[大哭]
冬鱼-,男,四川,要命，阳光朗朗2死活过不去（太非了[捂眼]）
红红小番茄qvq,男,北京,樱桃炸弹和有弹幕的植物杂交，爆炸后向四周分散弹幕，就像原版杨桃那样[doge][doge]
躺赢三连,保密,广东,200w粉丝了，优秀呀[脱单doge][脱单doge][脱单doge][脱单doge]
4651838,保密,山东,什么时候能出手机版呀？@潜艇伟伟迷
别再伸舌头出来了,保密,广东,做个官网吧，下载找不到方向，最好搞个论坛
三下花果山,男,辽宁,我怎么记得几个月前10几万粉丝？？？？
格里芬45号钢,保密,浙江,"建议：像VIP坚果挑战2这种纯随机的，最好固定一个向日葵（原版的都行）。
打了一晚上全在重开"
偶是尼粑粑,保密,北京,up主有考虑做手机移植版吗[打call][打call]
窝瓜不是很爱养鸡,保密,广东,我画的
月墟,保密,辽宁,大佬。遇到个问题。安装完成后，第一次玩很正常。然后我退出吃了个晚饭。再开游戏的时候，进不去了，弹框提示fatel error。界面都看不到。是什么原因？我游戏是放在移动硬盘上，单独目录。
窵傂苛,男,江西,"有几个建议希望采纳
1.给植物槽快捷键，qwer或者1234都行
2.无尽模式可以让炎头队长常驻，更有挑战性
3.让火豆复数次经过火焰可以有额外强化，可以走冰火豆控场也可以走二火豆极致输出二者不兼容
4.许愿池的冰火豆子弹打不到气球但狂野的可以 希望修复
5.出些更强大的门板，以强调投掷和穿透类的重要性，与火豆流和金币流区分
6.希望矿工出来以后晃两下，或者减少曾南瓜的反应时间。现在的矿工能在曾开始攻击之前啃四五下太夸张了"
吃鱼的魂魄梦幻,女,浙江,"很好的游戏，同学玩的很爽（
摸了很多图！！"
火城半夏,保密,河南,能不能把闪退的bug修一修啊，刚马上打完了，结果闪退进度全没了，玩了几天闪退了好几次了，望大佬关注一下这个问题
大聪明啊政,保密,河南,兄弟们，花盆最后怎么铲，我上面种了套种了阳光豆，最下面的花盆想换成猫砂盆
英语星火英语,保密,江西,游戏为什么总是中间会闪退，有没有b友知道怎么解决[大笑][思考][大哭]
大唐之胄,男,山西,我的妈呀9000人在看，潜艇你是真火了[笑哭]
百味独尝,保密,河北,我昨天五个大炮，我感觉我无敌了，结果闪退了[辣眼睛]
性感曹操在线打刘备,男,陕西,可以出一个可以复活前几秒死去植物的植物[滑稽]
终极典韦大王,保密,四川,出个联机版，朋友放植物，我放僵尸[嘟嘟]
Moses一鸣,男,辽宁,"我也投稿个植物：
竹筒喀秋莎：外形是竹子做的车，占用两格，攻击方式和加农炮一样是鼠标瞄准。攻击时车子后排的竹筒立起来，按照“西瓜投手”的弹道持续发射土豆雷/玉米炸弹/樱桃炸弹/坚果炸弹/其他爆炸植物（任选其一），爆炸物攻击瞄准点周围1格范围，也就是3*3范围，单个爆炸物攻击单格/三格，伤害低于一般灰烬植物。
该植物具有相当强大的火力，但每局游戏只能拥有一个。
该植物属于西瓜投手+灰烬植物+加农炮的结合，攻击方式是持续轰炸，似乎目前没有这类杂交植物。
具体要哪几种植物结合还要看作者的创意还有美工。"
提奖杯的提莫怪,保密,安徽,Up考虑上Steam吗，感觉上了之后更容易传播
永恒岛手游解说教学,男,江苏,植物大战僵尸的研究者真的好厉害
墨麟奇,保密,江苏,昨晚玩了一下，再次感慨自己的是游戏菜鸡了，好难，挑战模式一个都过不去[微笑][微笑]
云篆风吟君,男,天津,怎么突然两百万粉丝了？我记的两月前才三十几万[呲牙][豹富]恭喜恭喜🎉
X翼冰河,保密,湖北,00年的，没想到学弟已经成为学帝了[doge]
原神高手ZCY,保密,湖北,能不能出一个mac版的，win只有家里有一台，但是真的很想在上班时玩一玩[酸了]
mudao233,保密,辽宁,求做一个模仿者，可以做成商店植物，模仿除彩卡外所有卡片
我是Changggg,保密,陕西,我靠这涨粉速度太快了，前天我看还是180万，两天涨了16万
城南一南城,保密,广东,浅浅摆个61庆祝一下[脱单doge]（运气不太好每次开局都是海豚/钢盔[大哭]）
唔好我,保密,陕西,大佬，为什么我在夸号网盘里玩不了？[大哭]
柱子vnvx,保密,重庆,原来我小时候在课本上画各种各样杂交植物的行为不小众，你们是不是都这么干过[笑哭]
额永不超生,保密,山东,能不能出个恢复性植物，目前好像没有那种给植物恢复生命值的植物，希望能出个[脱单doge]
阔乐要加罒冰冰,男,山东,我的天呢，还真让我刷到了呢，我宿舍和身边的同学都在玩这个，真的杀疯了，加油
铁锤信仰玩家,男,浙江,"对于杂交版，我的评价是
它满足了大部分普通人多多少少都有过的幻想
把幻想变成了现实，是一个很了不起的事情"
屯溪路老司机,保密,安徽,Emm我关注up的时候才十几万粉丝，这么快已经破200了…
叫我達文西-,保密,陕西,出个强力磁力大坚果可以吸大黑头盔的那种
炀化钙,男,山东,开始向海外输出了，可以搞一个youtobe账号和一个英文版或者游戏内改语言（请选择语言：English）[doge][doge]
疯狂的小地雷儿,保密,湖北,有僵王么？或者说后期会出么？很期待的
啤梨敖,保密,河北,那个200块200阳光那个随机的嗯，盲盒太好玩，那一关给我哥气的要气的发疯
悠YUX,保密,广东,很喜欢这个杂交版，有点儿担心会不会被原公司干涉
嗯哪卿,保密,江苏,能降低雨中种植物的难度吗，开了167局有143局连着给了4个睡莲，瓜猫到现在还没入手[捂脸]
爆杀狗问,保密,江苏,up主，有没有手机版的，我没有电脑[脱单doge]
意商隐,男,河北,只比我大两岁，但是而你，我的朋友，你才是真正的孟德尔！[打call][打call][打call]
飛水,男,安徽,我去短短半个月内就快到两百万了[哦呼]
蔡徐坤wc6666,保密,浙江,从2020年的一个个杂交植物看到现在，有志者事竟成，加油，up主
万俟空梦,保密,山东,游戏厂商是以赚钱为目的的呀。up也是让我感受到了，一个游戏如果只考虑“好玩”是能迸发出多大的能量。
M-yrm,男,湖北,老板，上个steam[星星眼][脱单doge][星星眼][脱单doge][星星眼][脱单doge]
小东凤仄_,保密,北京,求一款手游，起码十年前，在三星触屏手机上下载的。内容很简单，飞机大战，背景画风是很素的，甚至有点像纸飞机的质感？游戏最大的一个特色就是每进行几秒就会有暂停，暂停期间你可以做调整，包括但不限于增益、飞机转向（这个不确定）等等，暂停结束后飞机会自动驾驶、自动进攻，很老的一款游戏，希望评论区有玩过的[大哭]
天翊呀o,保密,安徽,"up能看到嘛？个人提出几个小建议
1.游戏会时不时崩溃 希望能够完善解决这个crash问题
2.游戏全屏清晰度非常低，有没有办法通过高清修复低层贴图来解决这个问题？
3.大植物和大僵尸的贴图太大，希望可以缩小贴图，能够解决这个问题。
4.  冒险模式20关貌似不能看到植物的hp ，或许有bug。"
安菌菌菌菌,保密,广东,可能是我泪点太低了 看到这个视频想哭 我一年级的时候我爸因为我和我弟喜欢看他玩一遍一遍玩着植物大战僵尸 尤其是打到僵尸博士的时候我觉得我爸超级厉害 长大了玩这个游戏发现没有小时候兴趣那么高 过了一遍流程之后就再也没有玩了 也没有玩过二创 现在发现植物大战僵尸重新火了之后有一直很奇妙的感觉 [大哭][大哭][大哭][大哭][大哭]
指间de少年,保密,山西,看了作者的直播，发现了几个问题，一个是女王会让整行拥有火焰判定，第二是香蒲（寒冰）豌豆只有单发，第三是火焰豌豆居然也具有火焰判定，因此你可以靠火焰豌豆点燃豌豆
忙着微笑哭泣,保密,山东,"新买的枪神8和免费的杂交版
闪退？
那一定是我自己的问题啦[脱单doge]"
李凌默,女,湖北,up主，做一个巨人舞王僵尸，边跳舞，边召唤巨人僵尸，这个提议不错吧
买内幕一子欧皇,男,河南,都2024年了我大PVZ依然是顶流游戏[点赞][点赞][打call]
鸡肉卷789,男,福建,总有奇葩觉得喷泉很好用，我也不知道为什么
jiu-on,男,浙江,能不能实现一个花盆上面种花盆的愿望
千束牌椰奶,保密,广东,up可以吧经典模式的砸罐子和锤僵尸模式加上去吗[给心心]
Dr小小酥,保密,河南,为什么pvz是塔防中的神中神，因为他机制的独一无二，以及玩家社区的天马行空，感谢pvz，感谢杂交版
跑得好远,男,浙江,久闻大名，但一直没时间玩，今天来试试
镁琉,男,广西,卧槽，从去年9月份看的20多w开始看的up，现在直接220w了，真的太牛了！
湘南kk,保密,山东,天才少年[嘟嘟]谢谢你的游戏，特别好玩
阿彤不太会起名字,女,山东,有了以前玩植物大战僵尸的感觉了，当时玩植物大战僵尸好快乐呀，冒险模式通关了无数遍。。。什么其他的改版都是换汤不换药。这个版本有很多自己的创新，感觉很不错
亚索E不了,保密,上海,当我推荐这个游戏的时候，周围的朋友觉得这游戏没什么意思。但是我还是觉得这款游戏作为我人生当中的第一款游戏，也是唯一一款和我父亲一起玩的游戏，承载了我的一部分的童年，满足了当时小时候对于这款游戏后续续作的幻想。感谢作者用爱发电，做出了这么好玩的游戏。
开飞机的泡菜鱼,保密,河北,为什么我老是卡小白窗呀？[委屈][委屈][委屈][大哭][大哭][大哭]我真的超级超级喜欢玩
珍爱硬币远离改名,保密,山西,哇偶！up都快两百万了[脱单doge]我记得我刚关注的时候up才几万粉丝[歪嘴]
枫俞说漫,男,江苏,闪退解决一下up主[doge][doge][脱单doge][脱单doge]
余生一个小四叶,女,安徽,感觉看伟伟的视频已经好几年了，但是去年才关注的2333【印象最深的是全员寒冰那期哈哈哈】从去年11月看的杂交到现在的正品，感觉真的很伟大啊啊啊啊啊看到创作者这么火感觉也好开心，年初感觉还是30，40w粉，发布后真的涨粉巨快（五一的时候才百万的叭，马上要200w了）每次的视频都能热门且播放量稳定50w，百万已经可以说明🔥了啊啊啊啊啊啊希望伟伟能继续加油！祝杂交植物越来越好！！
蓝色的小天意,男,山西,我怀疑你在类植物大战僵尸游戏里做过策划或者美术[笑哭]
荼诃遗旧,女,湖北,哇，作者亲自出来了，谢谢伟伟迷为我们带来如此优秀的改版，让我仿佛找到了童年的回忆和乐趣。如果没有作者这么多年来的日积月累，以及对pvz超出常人的热爱，就不可能有杂交版的横空出世和爆火。希望伟伟迷日后能给我们带来更多惊喜，我们玩家也会一如既往的支持up，并体验游戏的乐趣和参与游戏的创新。相信在我们的共同努力下，杂交版一定会拥有无限的可能和光明的未来（另外祝各位大小朋友们节日快乐）[给心心][给心心][给心心]
生吞一只小鹿鹿,女,河南,其实可以引荐一些美食大战老鼠的地图，搬地图不算抄袭，也不会被骂啥的，还可以增加可玩性
看不完的漫漫,保密,河南,一堆圈子的人说有很多质量高于杂交版的，除了杂交版没一个火的。有没有一种可能只有杂交版好玩，画风还原呢[doge]
军情阿猫,保密,山东,一人血书，阿b，提名潜艇伟伟迷为2024百大[给心心]
yummy______,保密,江苏,那可不，我小时候就觉得舞王太脆了，明明那么强的机制，可是就是脆，这下好了，一个毁灭菇炸不死[捂脸][捂脸][捂脸]
东方打更钻石剑,男,广东,我去，这个视频几个小时前我来看的时候，UP主粉丝还是180多万，现在已经195万了，就离谱，我靠，这个涨粉速度
皮诺.,保密,江苏,感觉能不能把商店和花园什么的搞起来，感觉养植物卖钱和买东西也很有意思！
皓_曦,保密,湖南,纯用爱发电啊，要是换个皮可以上steam卖一大波了良心up，必须支持
耐摔耐冻耐伤王,保密,河南,我建议伟伟迷可以把一些植物大战僵尸2的植物杂交一下，有些僵尸实力真的强，来一些pvz2的植物，可以平衡一下难度
一只理财旦,保密,江西,能不能出一款手机版呀，电脑版好不适应
还原靓靓拳i,男,广西,想把僵尸博士加强一下，感觉原来太弱，能不能整出花来[doge][doge][doge]
御剑伶侍_official,保密,河北,"投稿，
磁力风暴
用于杂交磁力风暴的植物：
磁力菇、三线射手、毁灭菇、南瓜壳
杂交纪录1：
这个植物消耗大量阳光，外观类似南瓜壳里有三个顶着磁铁的三线射手头旋转，中间是一刻中子星，充能约10分钟后吸收场上所有铁制品，以圆形扩散方式发射，
我们保证他没有副作用！（真么没有嘛？）"
爱到花开不晓得,保密,云南,电脑的下载连接在哪啊
何故八两,男,内蒙古,最离谱的是，不管什么时候看这视频，都4000+同时在线（至少6.1-6.3号是这样[笑哭]）
霹雳焦糖布丁,保密,浙江,能不能修改传送带和种子雨的出卡[藏狐]
冉-阿让,保密,浙江,玩家其实远比宝开和EA更热爱这个IP
有只xxs,男,广西,有没有想过把以前的小游戏放入杂交版[滑稽]
一路之下zj,女,河北,有人知道关卡怎么重新开始吗[大哭][大哭]，游戏进行中没有主菜单按钮
喜欢桃子味的卡莎,男,江西,年度最佳二创游戏，治疗了我身边（包括我）大部分人的电子阳痿。潜艇伟伟迷永远滴神
柱子没有挨打,保密,广东,我们上机房课就玩你的杂交版，真的太感谢了
坏坏的布丁,保密,云南,其实我发现 拥有mod 的游戏游玩寿命都很长，像是我的世界或者饥荒上古卷轴等等这一类的，有有模组的游戏都挺耐玩。所以我还是建议作者增加一个模组功能。能够以模组的形式。导入植物僵尸地图或者游戏机制更改等等。那样也能让有动手能力的玩家自制一些自己心目中的植物，僵尸 或者地图甚至一些游戏机制的更改，然后把自己创作的模组分享给别人，就像我的世界那样，如果可以实现就更好啦[脱单doge][脱单doge][脱单doge]
丿捺为人,男,安徽,不知道能不能开发出自己创建关卡、自己设计植物或僵尸这种编辑器的地步。
MF2722,男,浙江,杂交版淘宝上面1块多2块多卖的飞起
Y老板-----,男,山西,然而最大的赢家是迅雷和夸克
星辰化作点滴,保密,湖南,有没有人能告诉我具体怎么下哇[无语]再夸了用链接下载后他又显示无法打开
冰脉_护手,保密,广东,成功是必然的，作为00后你在初中就有电脑就已经超过99%的中国人，我在2016年就看中B站这块蛋糕但可惜我没有电脑没有手机只能眼睁睁看着别人吃蛋糕
goodidears,保密,四川,"游戏很好玩，但是运行的不太稳定啊
[脱单doge][脱单doge]"
吊摆人乐事乐无止事,保密,山东,up能不能削一下僵尸啊，植物一直削，新出的植物白卡里能用的太少了
失散多年的亲哥哥,男,四川,昨天玩到忘记下班[笑哭]估计领导眼里的我真的很努力
酥和羊,男,湖南,挑战模式可以再简单一点吗 好想要金卡又打不过[大哭][大哭]
爱莉希雅_EIysia,男,安徽,纯看别的主播玩觉得有趣，想请教怎么在手机上玩[捂眼]
雾漫江山-,保密,山东,哥啊，游戏很好玩，为啥总是闪退啊，难道真的是我不配吗[大哭]
血夜上梁山,保密,山西,只有我每次把潜艇伟伟迷记成潜伟迷航吗？[微笑][微笑]
34395726768_bili,保密,河北,可不可以做一个植物和僵尸的pvp模式呢[微笑]一个玩具放植物另一个放僵尸
M-iraitowa_,男,江西,如果什么时候手机可以玩，那我相信一定会是一个非常大的突破
太郎一击秒杀,男,福建,什么时候手机也能玩，我找不到资源，我也想手机上玩
宅旅,男,广东,要能像传送门那样作为一个免费大型mod上架steam就更好了
眰恦yg,女,广东,作者能不能设置追踪型植物优先打离家最近的[脱单doge][脱单doge]
一条红烧鱼236,保密,山西,请问各位大佬，为什么夸克上面下载了文件之后不支持本地预览啊[抱拳]
黄少千,保密,上海,"（顶我上去）[脱单doge][脱单doge][脱单doge]
希望作者能不能在游戏中加入海克斯科技的选择，类型参考lol的双人乱斗和金铲铲的海克斯，比如：“打气”，参考金铲铲彩色海克斯，每过几个回合所有射手射速提升8%，这里可以改成减cd。还有一些针对金卡植物强化海克斯，参考金铲铲的英雄海克斯，比如“国服上单”（名字没想好），高冰坚果每秒可以自身回复多少血，可以固定值也可以百分比。还有一些场景强化，比如根据场上天气，地形做强化，比如白天我能产更多阳光，在水里、土地的植物我可以慢慢回复自身血量。如果能加上海克斯的选择，带有一点肉鸽的元素，我觉得PVZ的可玩性会上升一个档次。[脱单doge][脱单doge][脱单doge]"
w在干嘛_,保密,浙江,之前玩的好好的今天一打开成这样了，是咋回事还关不掉。有类似情况的吗
视频省流助手,保密,浙江,感觉植物太强了，僵尸需要加强，没狂暴二爷感觉少了点什么
半颗彩虹糖,女,江苏,不是，这搁哪能玩怎么没说，想玩呀呀呀呀
梦柒拾柒,男,重庆,游戏真的很好玩，但是对关卡这些的把控力度有点差，以冒险模式举例，我现在玩到了第18关，在默认困难的难度下能不能过关还得看概率，因为开局的僵尸是随机的，可能出现同时刷两个铁桶打一路这种情况，或者绿帽+铁桶骗你的阳光...冰车巨人+橄榄球需要你花大量资源来解，当同时出了3路这种情况之后崩盘就很快，再加上其他路还有海豚豌豆僵尸，这样一整局游戏就会顾头不顾尾，建议就是要么提高一下一次性卡的伤害（樱桃辣椒破不了冰车巨人的车）优化一下前期的卡，确实是设计了对策卡，但是没有考虑好当一大堆怪拥上来的时候单一对策卡解不了这种融合环境。
橘子拌豆腐,保密,浙江,投稿[给心心]
豬頭幹活了,男,广西,希望闪退可以优化一下，让后能在整一个手机版就更好了[doge]
我不比任何人差,保密,湖北,加油，早些出手机版，没有电脑太难受了[大哭]
5亩,保密,广西,能不能多加点环境？比如说水扔草地加要种花盆田种植物的时候这种东西[doge]
星念之痕,保密,湖北,真的从up主这里感受到了玩游戏的快乐和意义
仓桥莉子,男,广东,都是看主播玩的，但是看一会马上就喜欢上了，各种新奇的植物搭配太戳pvz玩家了
桥边听雨人,男,江苏,"强烈要求加入排山倒海！
一次性可以重一排的那种模式[脱单doge]"
效率res,保密,湖南,up加油，看着up从60w粉到如今的200w[脱单doge]
Dubstep_boom,男,河北,会不会名气大了，被官方那边搞[灵魂出窍]
卖萌的小蓝龙,保密,内蒙古,"游戏现在有窗口大小调节了么 ？或者自定义调节，或者全屏窗口化？
感觉有这些会方便很多，4K屏幕最大化好糊，不最大化窗口好小，听说窗口化闪退会少很多，切换英文输入法也是，不知道是不是真的。"
我全部全不会,男,北京,来个手套，把种错的植物换个位置种[doge]
顾芒お,保密,黑龙江,恭喜潜艇伟伟迷200万粉丝啦！！！[给心心][给心心][给心心]
路客匣子,保密,辽宁,"杂交版就是好还是免费的只要在
阿婆主的动态就能找到第一个就是杂交版只能在电脑版玩哦
推荐UP主什么时候能不能做个手机的？"
黑se的宝石,女,陕西,up你一声令下 我们立刻拥护你为正统植物大战僵尸3
plenbus,保密,福建,淘宝看到一堆商家买你的植物大战僵尸杂交版，推荐第三名
叶龙子,保密,四川,up.，有僵尸豆了能不能来个植物豆放在随机礼盒，有时候一些植物位置太尴尬了[嗑瓜子]
duckie__,男,湖北,虽然不玩这个。但是看着挺不错的。可以看得出来倾注了很多心血与热爱～ 希望能够越来越好[脱单doge]
没空回你k,男,湖南,[喜欢][喜欢][喜欢][喜欢][喜欢][惊喜]你太棒了
Doncle_,保密,山东,一个提议👉🏻👈🏻普通模式感觉对大众可能还是会有点难（有时候一把要开无数遍），但是简单模式又相对太简单了跟无敌版一样……（感觉就不是一个量级的），能否考虑把简单模式的难度稍微调高一点，或者在简单模式和普通模式之间加一个难度呢？
倾煦七秋梦,保密,湖北,顺便在这里问下攻略，第57关怎么过？打了两天了
newbeeのnoob,保密,河北,这玩意啥时候能出个移动端[doge]
烛渊薮,男,甘肃,up声音听上去很年轻，能做到这个水平，可以想象到未来一定能做出跟好的作品，令人期待
闰氏集团霸道总裁闰土,保密,安徽,就凭让大家又开始都玩pvz，足以证明是神[OK]
bili_贾一楽,保密,河南,现在伟哥真的火了，每期视频都百万播放量，颇天的流量啊真是[鼓掌]
小曼总爱瞎折腾,保密,安徽,up，tb上有很多卖杂交版，而且售量很高
我从云边跌落,男,重庆,就冲他免费给我玩儿，他的视频必须全部两个币好吧[给心心][给心心][给心心]
星家1号小天天,男,未知,让梦想照进现实，每一次的新颖总能让大伙儿眼前一亮，未来可期，热爱永远进行时[打call]
萧苒of,保密,湖北,才发现我刚关注就正好两百万了[脱单doge]
汤汤汤汤汤加米,保密,山东,其实可以考虑出一个联机模式，局域网连接，然后可以去好友家偷菜，甚至引流僵尸。（类似qq农场？）
掌管中分的神,保密,广东,卡密！从当初做自创植物就开始看，是这条赛道上众多几万粉的up之一。后面推出越来越多的自创植物，关卡，甚至僵尸，粉丝也来到几十万。up也在积极听取粉丝意见，考虑了平衡性，并将想法融入到新植物，新僵尸中。然后将制作地比较成熟地杂交版无私分享出来，我也看见许多视频和直播出现杂交版，很多人也因此涨粉之类的，我就觉得up主的汗水换来了众人的“成功”，是不是对本人不公平。还好，up主也涨到百万粉了，相信还会越来越多的人关注up。（虽然我期期点赞，投币。但我到现在也没关注[doge]）
李一桐的小跟班Q,男,山东,卧槽，涨粉狂魔，之前几天还是一百五十多万，今天已经接近二百万了[doge]
君之知临,保密,天津,up主好起来了！保重身体，更新可以放缓一些，不要太累，加油[鼓掌]
不死金胡萝贝,保密,广西,"投稿植物
催眠豆：
模型类似于咖啡豆闭上眼睛睡觉
50阳光
冷却12秒
放置后对一格内僵尸催眠，无法移动、造成伤害  持续10秒 随后消失
玉米钻头：
模型类似于玉米炮上的玉米张开叶子
175阳光
24秒冷却
放之后在一格内挖一个深洞，无法种植植物，若有中等或以下大小的僵尸踏入深洞，则会无视防具秒杀，最多吞下十个中等或以下大小的僵尸，吞了十个僵尸后变为正常的坑洞，若大型僵尸踏入深洞，无视防具秒杀，但只能吞下一个大型僵尸变为正常坑洞。
三叶坚果
模型类似于三叶草换成朗朗的脑袋，然后叶片部分变成坚果色
125阳光
冷却25秒
血量比普通朗朗多1200
分为四个阶段：
一阶段
受伤血量<400
每隔十秒扇一阵风对场上所有僵尸造成一格击退
把所有飞行僵尸吹飞
二阶段
受伤血量<800
模型上损失1片叶子
每隔20秒扇一阵风对场上所有僵尸造成0.5格击退
把所有飞行僵尸击退5格
三阶段
受伤血量<1200
模型上损失2片叶子
每隔30秒扇一阵风，对场上所有僵尸造成0.25格击退 把所有飞行僵尸击退2.5格
四阶段
受伤血量>1200
模型上损失全部叶子
没有任何技能效果"
woshifuyun,保密,新疆,我非常喜欢这个杂交版，要是能加入解密模式和一些资质解密关卡就更好了，作者nb！！！
黑白の小熊,女,安徽,纯粹的有趣，纯粹的游戏，纯粹的我们
夜雨枫鸣,男,河南,可爱的人，最可爱的事，你才是我认可的植物大战僵尸续作[脱单doge]
BOWENHUANG,保密,湖北,火炬坚果我一直都叫它炎头队长，然后我们寝室全都叫它炎头队长了[doge][doge][doge][妙啊][妙啊][妙啊]
GODHeaveN1,保密,上海,能不能出一个肉鸽版本，每打一关抓植物，每打几关出现一个boss关，通过后可以给藏品（给百分比加成的那种特殊道具）[脱单doge][脱单doge][脱单doge]
绝不迟到的叶泠酱,男,安徽,给我点赞这把给你们玩[墨镜]
两点半的Sun,保密,河北,潜艇伟伟迷是这样的，只需要考虑杂交版的开发与制作就好了，而玩家要考虑的就多了[doge]鸣式秒了[脱单doge][脱单doge]
圣焚末路,保密,福建,可以考虑一下类似盲盒的无尽模式出怪难度降低一些吗，或者每几波来一次难的，然后简单一点缓一缓[笑哭]
北山river,男,北京,卡在冒险63了[大哭]好崩溃有些关卡开局太难了
飞天鱿鱼大旋转,保密,四川,好玩，希望优化也能跟上，玩着玩着闪退心态容易崩
疾风不知归路,保密,四川,苹果的是不是下载不了啊，我想给我数学老师下一个，他守自习太无聊啦[笑哭][笑哭]
-浪里个浪里个啷,保密,河南,我为什么不能全屏，而且游戏里看不见种的植物，一会儿这一片看不见，一会儿那一片[辣眼睛]
梦辰灬丿星,男,湖南,能不能把闪退修一下啊求顶[大哭][大哭][大哭]
落尘木游人,保密,广东,可以考虑下把之前做的战争进化史（射击）放杂交版小游戏里嘛
耶呼粘苞米,保密,福建,我有一个想法 做一个火焰咖啡豆 冰焰咖啡豆 这样投手的攻击也可以附魔了[doge]
年迈且老泪纵横,男,安徽,突然想到，能下冻雨（张万森下雪那个），是不是也能下刺雨[脱单doge]（仙人掌那个，普通版和pro霜冻版[嗑瓜子]）
Metkayina,保密,河南,@潜艇伟伟迷 up，你的“招财猫”视频怎么下架了? ? ! ![惊讶][惊讶]
活泼的带土,保密,山东,能不能整一个狙击豌豆射手，真的超喜欢那个[微笑]
照临四方-,保密,湖北,阳光花盆能产阳光吗？说明没说每多少秒产一次阳光但我觉得这个价格应该产阳光
流联吖,男,山东,怎么说呢20年就开始看潜艇视频，那时候只有几十万，如今快200万了，加油潜艇[鼓掌]就是一直没关注[doge]这次一定[脱单doge]
ineedjiay,保密,浙江,因为你 圆了我的童年[脱单doge]
三殇不起,男,湖北,会做二代的改版吗，二代的氪金收费一直是心中的遗憾[害羞]
Miyano-Edogawa,保密,北京,本视频大有破千万播放的潜质啊
雪风先生,男,四川,"UP在做游戏时一定要注意版权问题！这对于杂交版也算是一个很重要的门槛！做不好可能杂交版就直接全网消失，UP也可能会被相关的侵权等法律问题而无奈于现在大陆游戏环境！
这不是危言耸听，做游戏不光仅凭一腔热爱，更重要的是，你要有能力去保护、维护好属于你的作品。
现在要关注的是，现在国内有一些公司是否已经获得了pvz相关发售公司改版制作与管理大陆地区的版权大家都不知道，万一哪天这公司突然袭击打官司说你侵犯了他们的版权就很烦，即使大家那天怨声怨气但能力不够也没办法扭转这个游戏的悲剧，这往往是我最不想看到的
我个人了解pvz已经12年了，也是mc国际版9年的老玩家了，已经看到过很多优质游戏最终的悲剧，不希望您的成果最终被某些人的资本手段非法破坏。
最后，看到的小伙伴们就点个赞吧[脱单doge]，我也来白嫖点赞，当然，UP能点赞和置顶是最好的[滑稽]"
进狱系人豺,保密,广东,无尽盲盒挑战里可以加入手套作为五关奖励，手套可以移动两次单格植物，可以适当的优化阵型。
榮利,男,山东,兄弟能出个给植物加血的植物吗？类似豆子直接挂头上，或者是花盆放下面，能给植物单体加血，又或者是3×3范围，我实在不想打无尽的时候总是换罩子呀...有时候没注意就被偷屁股了...
B站HMS小威,保密,江苏,闪退真恶心啊所有方法都用了还是闪退，能不能修复闪退呀
咸鱼爱做白日梦,保密,河南,不是很懂，有人能解答一下吗，这个改版是如何实现的
这是一只大鸽子,保密,河北,为啥会有植物贴图错位，然后导致僵尸和植物隐身的问题啊，求教教
A级异想体,男,福建,我觉得大伙们都应该纪念宝开，虽说玩法单一，简单，不像别的改版玩法众多，可以这么说，没有宝开发明《植物大战僵尸》这款游戏，那就没植物大战僵尸这个圈子，（没有冒犯的意思）
AcFan视频弹暮网,男,广东,怎么说话跟小学念作文一样 [笑哭][笑哭]
恭崇牛一,男,安徽,就这么跟你说吧，我度过前期千难万险，终于排兵布阵，打了一个好的无尽关卡，终于把自己的阵排好了，因为僵尸太多。同时三个毁灭加农炮同时炸前面的冰车巨人，每次都闪退，真的吐了，好不容易种了那么多毁灭加农炮，金向日葵奖早拿到了，很简单，这个游戏。但是把闪退给我解决了。
小吗喽哥,保密,广东,"建议出一个空袭菇1145阳光☀️
种下需用咖啡豆唤醒
效果类似普通毁灭菇
并且召唤一个直升机
冲烂3*5行的僵尸"
_抵制日本核污水,保密,四川,谢谢你！儿童节快乐[给心心][给心心][给心心]
寻风听月,保密,河南,涨粉真滴快，早上看好像184w，傍晚就191w了
独孤-求不败,保密,河北,能把闪退问题处理一下嘛
一年九天假除夕不放假,保密,江西,只能说吊打植23，比原版都还好玩
思念变成爱_,男,河南,没想到真的做了一个版本[墨镜]
我就是玩ba的,男,山东,哇靠，我08年的，这种游戏是我哥哥辈的人造的[疑惑][点赞]
松前等花咲,男,江西,僵尸希望上点精英怪 无尽都是人海战术 久了也会腻吧 但还是支持杂交版的[龙年]
小杨来打个酱油,男,浙江,无尽模式可以加个分数结算页面[妙啊]
藤本病病人,男,北京,快200万了，恐怖，一个作品涨140万粉丝
阿白好难啊,保密,湖南,13：00dy直接大家记得来[脱单doge]
星雪-清梦,保密,贵州,up做的改动和添加太多太彻底，原本的逻辑算法已经支撑不住了，闪退是必然的，之后继续做大，改框架是必须的(›´ω`‹ )
天满八纯喵呼呼,男,广东,还没玩过，想请问一下，如果玩到一半出了新版本我的存档能不能转过去的
不起眼的卢克天行者,男,内蒙古,和我以前预想的一样，这个改版或许改的不多但已经成为最火的了，愿不会因为火而发生黑子，就和我以前想的一样“要是这个出了这个改版必定火”现在我猜的是“已经火并不会有一帆风顺，必定有蹭流量而黑杂交吧”
岚提-lan,女,山东,游戏更新了存档会不会丢啊，在电脑上单机玩的，刚开始玩不太明白[脸红]
tyuuugg小号,保密,浙江,好想玩，可惜我没电脑，要是我电脑立马玩来致敬童年来致敬最新最火的改版
Fream森光,男,浙江,up居然比我还小一岁[捂眼] 年少有为
豳龝嚻躖躎龝鱷,保密,湖北,这游戏真好玩，我室友已经深陷其中无法自拔了[笑哭]
佬脸,女,北京,剧情模式打到了50多关（用冰喷瓜）后面去打挑战[OK]从冰坚果到女王再到汉堡包，真是停不下来的爽。拿到橙卡再去打剧情60关 就越来越轻松。
念念叨扰,保密,湖南,所以他圣杯的广子在哪儿？
中分大门牙,保密,江苏,能搞个敲罐子模式嘛[脱单doge]
来一瓶拉菲-82年的,男,浙江,注意一下b站那些假冒你的号，有些都被当成真作者了
衡113世,保密,英国,200.3w关注合影[脱单doge][脱单doge]
NKUJugking,男,四川,"不懂就问，杂交版下载了之后只能本地存档嘛？
还是说我可以联网存档，用其他电脑玩也是可以继续之前的进度？"
Lin-Lin_Lin,男,福建,问下平板能玩嘛[笑]
一片大蘑菇啊,保密,安徽,啥时候出我是僵尸玩玩啊[doge]
归海一百刀,保密,山西,老哥游戏可以改分辨率吗？全屏有点糊
q144411,保密,江苏,其实现在已经很厉害了。如果有个随机杂交版，这将是另外一个新宇宙[妙啊]
埃尔Xuan,保密,河北,财神爷第五个挑战传送门怎么打呀，就剩这一个挑战打不过了[大哭]
妖怪镰鼬QAQ,男,福建,闪退是一款我自己的问题，杂交版？他是神他有什么错
弗朗西斯哥-小小黑,男,陕西,作者什么时候做侧交版和自交版（bushi
jaystorm,保密,重庆,大佬，提个小建议，有的巨型僵尸，比如冰车巨人，体积太大了(巨人导致冰车也无比巨大)，致使它们在第一行出现时经常把植物栏挡住，导致看不清植物，比较影响体验，建议优化一下让植物栏永远前排置顶，感谢🙏🏻
qCwCp,保密,北京,upup，突然想到能不能最开始只有普通植物，玩家需要通过金钱和对应杂交因子来获得杂交植物，这样玩家能体会到杂交过程[脱单doge]
养一只小呆鹅,保密,甘肃,感觉僵尸强度有点高，可以搞个磁力菇炮（玉米加农炮➕磁力菇）全屏僵尸防具减一，或者是磁力菇射手，针对僵尸防具[脱单doge]
私は未来を掴みました,保密,重庆,喜欢归喜欢，但是手机上玩不了，我在手机上看教程就是那种手机版嘛，然后他到了最后一步，他安装不了了，我去，然后我一狠心一跺脚去买了个平板电脑
九月丿晴空,男,广东,我想问一下，手机版玩起来有点卡，这个有没有办法优化的？
二刺猿辺哥,保密,河南,原来是贴吧里的大佬
领域嗷呜,保密,山东,能把鼠标美化一下吗僵尸一多都不知道鼠标在哪了
SuffEver,保密,山西,挺感慨的，当初pvz自制动画区几个up就你做的贴图最好，质量最高，10w粉的时候关注的，自从杂交版出了以后，从30w粉丝涨到180w，厉害
NBPL赛事,保密,江苏,有一种童年看的动画片发六一祝福特辑的感觉[doge][doge]
宇瞻-,男,江西,我超？昨天晚上还是一百六十五万粉一觉醒来两百万了
亭旁蔷薇,保密,上海,你真厉害，很好玩[给心心][给心心][给心心]就是偶尔会闪退（）
鳄鱼提出,保密,河南,希望能够来一个僵尸大战植物。，玩家来放僵尸。
毒液react,保密,山东,精灵菇是干啥用的，也给植物加不了血呀[尴尬]
新皇亚索,保密,天津,更新和闪退修了[doge]
雨如诗夏若恋,男,广东,我的无敌阵容闪退了[大哭][大哭][大哭]
永雏塔照肥,男,广东,屏幕一堆豆豆，电脑cpu没烧，但把我cpu干烧了
坠兔收光屡变星霜,保密,山东,手机，但想玩[大哭][大哭][大哭][大哭][大哭][大哭][大哭][大哭]
学徒小张z,男,河南,几天没玩，为什么之前的关卡都给我重制了，植物都没了？
幻镜之影ya,男,湖南,"UP,后续考虑出boss战嘛？(就像其他改版那种有炫酷技能的那种[妙啊])"
奕祯,男,北京,说实话，能把下载地址和链接什么的做一个平台或者放到简介里嘛，真心找不到[大哭]
-別想,保密,天津,突然想到了一个好玩的，就是跟云顶 金铲铲一样自走棋那样的植物大战僵尸，PVP那种，比如豌豆射手，羁绊是 豌豆/射手/1代。菜问 羁绊，蔬菜/战士/2代这种。就是怕版权有问题
曦喵家小花荣,保密,山东,火了被喷很正常，有人挣得就是这个钱（国际舆论战对中方的投入是很恐怖的）
孩子这不好笑,男,重庆,伟伟是这样的，只需要努力做游戏就行了，而我们需要考虑的很多了[doge]
暗区大豆,男,辽宁,感觉up可以加一个一键通关，因为原版也有一个一键通关，可以让一些只想玩模式关卡的玩家用（包括我），还有就是2.0版本太爱闪退了，经常在很好的阵容上闪退
aka摇摆李胜志,保密,山东,主包主包现在就有人要问了   版本更新了咋办，存档会消失吗
陈桂林甲,保密,浙江,以前做梦想过一个巨大的植物全部搓在一起跟僵王机甲互打
雷特马尔莱斯,男,广东,我需要手游版，不然上班摸鱼玩不到
喜欢当冥訫的小强,男,江苏,杂交版本具体是什么版本 为什么在链接里我找不到 所有的都看了
蔡徐坤在线等撩,男,福建,打开的时候显示Fatal error！ 怎么办
--__阿巴阿巴__--,男,天津,等等 昨天我看还是180万粉丝，这怎么就209啦[哦呼][哦呼]
kingdark暗祭,保密,广东,请求创世神更新一个电系植物[打call]
这个天平座,保密,江西,不是我想支持，是特码太好玩了，不支持你，咋催你更新和修bug啊[吃瓜]
吃核桃的河豚,男,江西,伟伟迷呀，六七年了20多万粉，半年直接200w了呀（恭喜）
wa_哈_哈,保密,湖南,能不能把狂野豌豆的弹道掰一小，搞成标准的三路均分[脱单doge][脱单doge][脱单doge][脱单doge]
Sogoodtoseeyou,保密,海南,你是会玩游戏的，致敬玩家精神[喜欢]
键盘上的小陈同学,保密,福建,"Wow, 今天发的就已经有这么多币了[脱单doge]"
乄小白鼠グ,保密,江苏,非常简单，建议提升难度。
人质一败涂地,保密,重庆,好奇杂交版是怎么做出来的，用的哪些工具，感觉ui和游戏流畅度都好高
偏移闭锁,保密,湖南,全站第一
小楼蝶衣梦,保密,四川,石果子，雷蘑菇。龙棘藜是真的小学那会十几年前就看到过的了[笑哭]，我记得还有那本书专门介绍这些植物怎么来的，隐隐约约记得龙棘藜是因为大嘴花吃了火爆辣椒
殇馫釁,保密,广东,依稀记得小时候对于植物大战僵尸喜欢，当时是因为看到舅舅在玩这个游戏，出于好奇才慢慢了解到它的玩法，至于之后的植物大战僵尸二代也玩了很长的一段时间，可惜当时玩二代总感觉手机有些卡，后面就慢慢开始退出这个游戏圈子了，不过倒是有看到其他玩家的一些视频，还有众多改版给其他人带来了欢乐与折磨，对于杂交版的广泛传播，我感到意外与惊喜，童年的奇思妙想以这种手段表现出来，或许正如他所说，给玩家带来快乐与惊喜，是他们的初心，也希望制作组能够再接再厉带来更好的植物大战僵尸改版！不忘初心
栗V_瓜,保密,福建,《 Does this game have English? We need English！》[doge][doge][doge]
冲锋队小队长,保密,浙江,老闪退咋办啊 天胡开局打无尽 到第三波了直接闪退 恼火死了
cx_330pwfm,保密,安徽,我最佩服的是up是那种坚持做一件事并最终看见希望的人，拿到结果是必然的
想灰天的锅儿,保密,湖北,再来一个我是僵尸模式，那个时候最喜欢玩这个了
网瘾少年会梦到电子羊,保密,安徽,up能不能把xbox版上的双人对战的小游戏也整合进去[星星眼]
二次元透明梓熙,女,贵州,呜呜呜，阿婆，我真的看别人玩我都好想玩在那些软件上面下载，但是显示机器不匹配能不能更新一个就是所有机型都能玩的呀。
妄想荔枝,男,浙江,杂交版太好玩辣！[星星眼][星星眼][星星眼]
梦梦儿小,保密,河南,我觉得可以把闪退改好以后毕竟前途无量[给心心]
少女裹路地,男,山东,必须支持[打call][打call][打call]
爱甩头の毒液豌豆,保密,湖北,热乎的[吃瓜]
鹏先生难道丶,男,浙江,在女朋友平板上玩的 今天大数据推了 那就必然关注一波 杂交版真的好玩 很NICE.[脱单doge]
读书人阿良丶,男,上海,‍up主你好 我今天电脑关机的时候蓝屏了 再开机之后游戏存档都没了，请问有什么方式恢复吗
不可惜明天,男,天津,单机还是有局限，不如出个pvp联机，一边摆植物，一边放僵尸，届时热度还能拔高一个台阶[妙啊]
Crazy灬小然,保密,甘肃,为什么我下载好几次杂交版，玩一会总是闪退，很让人抓狂[笑哭]
不摆烂的居居,男,浙江,我是老粉丝了，以前就关注了，一开始就开发了好多玩法，其实一开始就觉得up真的好厉害，没想到最近涨粉好快，我只能说这是你应得的加油
雪宝不熬夜,女,江西,太好玩了！真的很喜欢您和团队做的杂交版[给心心][给心心]
是老五m,男,江苏,没开全屏还是老闪退啊怎么办兄弟们[大哭]
山涧南岚,男,江西,没想到我第一次遇见这个改版是在机房[脱单doge]现在的状况是全班人都知道这个杂交版了[笑哭]（  可见是有多火
小哲OB,男,陕西,@喜欢小猫咪的小影 @放牛的锐雯 @拒绝ntr从你他做起 我的发 这真火的不是一点两点了
hsbsubsuxnwi,保密,甘肃,没法全屏是咋回事啊[大哭][大哭][大哭]有没有人教教我，电脑小白啊我
月巴口合,男,广东,植物投稿:“神秘的果实，植物们吃下它都会发生不同程度的异变，但是这种变化强化了植物的性能。一天一位商人带来了一种神秘的果实，戴夫种植后让植物们都尝尝这种神秘的果实，植物们吃下去都发生了不同程度的能力少量增强，一只贪吃的豌豆多吃了几个，它的全身发生了变化，发射的豌豆大小、数量和颜色都发生了改变，贪吃的豌豆再次吃了许多，但是变化停止了，这种神秘的果实引起植物的变化似乎有极限?”
man男2,保密,江苏,为什么我怎么都下不了，已经下了好多软件了还是不行[大哭][大哭]
沐足弹销冠,保密,广东,真预言家
焓公子,保密,安徽,大大能否提供绿色版呢？
魔法少女紫苏,男,河北,出神卡，毁灭菇1000阳光秒全屏但坑会更长时间修复
喜爱懒羊羊的灰太狼,男,安徽,UP主能不能做个快捷键，在14个卡槽对应键盘上的14个英文字母，可以快捷选择，然后用鼠标光标指针出现植物在草坪上可以快速种植[doge]感觉每次用空格暂停大法有点麻烦，有的时候甚至连光标的位置在哪都找不到[笑哭]（我又发一遍，希望UP主能够采纳[打call]）@潜艇伟伟迷
子非菌,男,四川,满足了我小时候对植物大战僵尸的幻想
鄀曦华年,保密,广东,"那么多人看[哦呼]
昨天就几十万今天几百万了"
四个空丶,保密,江苏,我玩到一半不想玩了，等修复，我玩个冒险好几次快通关直接就闪退，我现在卡关不是因为打不过，是因为连续三次快通关闪退，真没欲望玩。
昧空昧空昧空,保密,北京,"伟伟迷，很多人说关于植物利用率提高和关卡同质化问题，我感觉可以不用大调数值的平衡。
可以加入一些例如糖果关的“重力失常”类似的效果，让植物利用率更高点，或者关卡随机效果"
死鱼虚妄,男,陕西,游戏很好玩，已经三连，就是想反映一个问题，我打了两页半的冒险存档，今天一看，变第一关了。所有解锁了的植物也没了。想问一下有解决办法没，感谢
爱看特摄的老Jason,男,浙江,哥哪有修改器[微笑]爷们被宾利车队打烂了
王玄静,男,江苏,支持[打call]
死ねお前,男,湖南,儿童节快乐，希望杂交水稻能上[微笑]
好像起风了耶,保密,河北,希望伟伟迷能坚守伟伟迷的初衷接着为我们大家带来全新的关卡全新的模式最后祝伟伟迷身体健康[支持]
空城有泪而你不在,男,四川,能更新排山倒海的玩法吗[脱单doge]
新的修改,男,浙江,埃德加的头，伽刚特尔的身体（你僵博会的不只是头脑）[doge][doge][doge]
弑神战天下,男,广东,好久之前就关注了，说实话当初也没想到能出杂交版，[笑哭]不过之前的射击关卡能不能加进来，当初我就是因为《射击》视频关注的
千金散尽复不还丶,男,河北,我想请教一下，这种植物卡没了该如何处理？
陌巷故人雨中逢,男,江西,"投稿：[给心心]
植物：冷静咖啡豆
阳光：666
CD：60s，再长一点也行。
效果：种植在某个植物上当局为这个植物卡片永久减1sCD冷却，不能长期存在的灰烬植物无效。
图鉴：夏日炎炎，虽然阳光是植物们的必需品，但植物们还是想要一杯冰咖啡来降降温。虽然冰雪制作的它总是转瞬即逝，但还是为辛勤工作的植物们带来了一丝凉爽。冷静咖啡豆很高兴能为植物们服务，但总有那么几个植物迫不及待地与僵尸同归于尽，冷静咖啡豆常常为不能服务它们而感到自责。“嗯，下次我一定要快一点。”冷静咖啡豆为自己打气到。"
星雪-清梦,保密,贵州,个人建议，可以把up之前做的一些超模的植物单加到盲盒模式里，变成盲盒模式特供的植物
路石wood,男,天津,我建议增加减伤系统，例如有的僵尸减伤豌豆攻击，有的减伤火焰攻击，这样的话很多植物的使用概率会增加，现在有些植物纯摆设
風丨,保密,浙江,真的很感谢作者 做出这么好的游戏 也让我找到了童年时候的感觉 真的很棒👍🏻[脱单doge][脱单doge] 也期待作者将来把杂交版做的更好
gvchvvg,保密,四川,太强了，我之前看到才140万粉丝，现在都200万了，祝贺[脱单doge][脱单doge][脱单doge]
千前浅欠96,男,海南,为啥我全屏玩总是会秒退游戏，不全屏玩界面又太小了
l莫邪l,保密,山西,致敬赛博孟德尔-潜艇伟伟迷，伟大，无须多言！[脱单doge]
哆啦A毅,保密,广东,7年啊，作者这一天等了7年[大哭]
うさぎ狩り,保密,河南,奖励一个硝质体怎么样啊，弘扬一下高等生物学知识，这可是今年新sci[脱单doge]
_跋_,保密,福建,小时候买过植物大战僵尸全图鉴，里面除了原版还有有很多up主提到的网友构思出来的植物，以为都是真的，随后疯狂的在应用商店和网上想找到有那种奇特植物的版本，后面找不到就淡忘了[笑哭]
要去摸鱼喽,男,黑龙江,这不整一个撑杆巨人？[脱单doge]
数学小菜g,男,安徽,你也是出圈了，之前常刷你视频的时候才7万粉丝[歪嘴]
年祈,保密,广西,在群里发语音的时候可不是这种语气[doge][doge][doge]
不要头像读着倒,保密,安徽,石坚果是真的童年回忆，当时和最好的朋友彻夜研究在哪找，现在那个小册子丢了，不过朋友还在[脱单doge]
海島没有愛,保密,河南,哥 啥时候给你自己加进去[脱单doge][脱单doge]
颜舒丶,男,北京,我觉得巨人开车可以后续爆胎，因为巨人太大了，车受不了就爆胎了[微笑]
我要去网吧偷烟灰缸,保密,山东,玩塔科夫，你需要花2000买一个蓝边，而玩杂交版，你只需要两个币[打call]
海昕堡,保密,江苏,金币可以自动收集吗多了容易卡，容易崩溃！！！快过了崩溃真的很让人崩溃！顶上去！让作者看到
叶建风TY,保密,云南,迷哥，优化杂交版的稳定性，不然打到一半闪退确实有些闹心态
゙゚゙゚゙゚゙゚,保密,广东,作者02年的，也算是苦尽甘来了
爱是一眼千年,男,黑龙江,守得云开见月明，祝越来越好[脱单doge]
C-夜雨声烦-C,男,福建,怎么今天打开游戏一直fatal  error呀[笑哭]明明昨天还可以玩
魂淡〃,男,上海,[笑哭]僵尸一多就卡，各位老哥知道怎么解决嘛， 我说WIN11系统
阿威_ahwei,男,山东,许愿：既然有可以将蘑菇在白天唤醒的咖啡豆，那是不是也可以为同种植物增加需要通过条件触发变身的状态，比如：放置后可以榨取植物生命力使其短时间内战力爆发然后寄掉的过期咖啡豆、放置后将植物转变为未来形态或者幼年形态的穿越咖啡豆、放置后可以随机改变植物种类的舞会咖啡豆[大笑][大笑]
丁丁努力行,保密,广东,在你身上看到年少有为，在你身上看到兴趣是最好的老师，在你身上看到努力会有回报
神奇的鸡翅,保密,浙江,冒险模式能稍微削弱一下吗？打不过[笑哭]
天风狂林,保密,广东,本来挺爱玩的，但是我存档没了就不爱玩了，问一下什么情况下，存档会没
小破站要饭日记,男,河北,手机版在哪里呀
月寒小萌少,男,重庆,可不可以把以前做的射击系列关卡也放进杂交版里面？那玩意也很好玩[保佑]
媛一生挚爱,保密,新疆,手机怎么玩啊太想玩了有没有大佬教一下
林泉高士,保密,福建,手机上能玩吗[给心心][给心心][给心心][给心心]
-此间乐-不思蜀-,男,辽宁,快出个手机版吧，我都馋死了[笑哭][笑哭][笑哭][大哭][大哭][大哭][大哭]
请叫我ParaNola,男,浙江,我发现UP应该是从十周年版改成杂交版的
无气可乐zZZ,保密,河南,才大学毕业或毕业一年，他们现在能靠植物大战僵尸创业或直接挑战大厂百万年薪的存在。
世界你好001型,男,福建,啊关注这么久了第一次看到这种视频，泪目了[大哭]
佰梦璃,男,北京,下载不了呀，通过一系列流程也下载不了那个下载链接下载不了啊
不要问我喔,保密,广西,怎么下载呀，链接里的下载文件被作者删除了[捂脸]
冰睛雪凝,男,江西,200万啦
一只littlepea,保密,辽宁,投稿道具和想法（欢迎补充，没上色）
hat默,保密,江苏,有人可以告诉我怎么下载嘛？各种盘盘[微笑]好像还有人被骗的，到底哪里是真实的
风吹过的芦苇丛,保密,湖北,希望各位理智一点，不要在别的改版视频里乱刷杂交版这样的行为真的很掉价[捂脸][捂脸][捂脸]
贝莉娅Bellya,保密,四川,突然的你粉丝就200万了，我记得刚来的时候才10w不到吧，我只能说你真的很厉害[惊喜][惊喜][脱单doge]
汉堡射手,男,天津,第二次投稿个新植物：宝箱 阳光300 韧性300 冷却25秒 技能：0.001%开出通关奖杯（无尽是消灭下一波的僵尸）40%开出金卡 40%开出钻卡 19.999%开出魅惑红眼巨人
1219丶鸷鸟,男,上海,期待有一天，可以联网玩家对战，一边玩僵尸一边玩植物
Lunnnnnna呐,保密,浙江,可以把贴吧古早设计搬进杂交版，其实也没必要都杂交，很多经典的设计太希望能被玩到了，不破坏画面风格和平衡就赞👍
陈皮栗子红裤衩,男,山东,作者大大，能否考虑一下超一悟空豌豆
这里的黎明静悄悄x,保密,广东,q群的问题，输入up名称，说我回答错误[大哭]
渡舟月y,男,江苏,植物大战僵尸因你而变得更好（火）[打call][打call]
大筒可乐,男,英国,植物大战僵尸roguelike，应该可以与pokerogue一战
桌上的饺,保密,浙江,我感觉要是出个肉鸽无尽版会更好
大小怪李一,男,内蒙古,每个人都只记得杂交版，却不知道曾经的冰火版（可能质量确实比杂交版差）还是那句话，潜艇伟伟迷，你撑起了我们的pvz圈
桀骜不驯懒大王,保密,云南,建议来个真正的手机版[doge][doge]
城北人已还,男,山东,有没有可能出 PVP 模式，只不过平衡确实不好做
朝怡晨日,保密,浙江,个人感觉现在的难度主要还是在量大上，我个人是很喜欢僵尸王那种的个体boss，能不能出个僵尸王mini加入僵尸行列
重梦寻阳,保密,天津,可以设置活动关卡，给的植物随机，并且降低关卡难度，这样可以体验更多的组合玩法，不必拘泥于为了过关必须选择强力植物。
゙゚゙゚゙゚゙゚,保密,广东,涨粉真快啊，早上看还是两百万的，晚上又增加十万了，而且还是热门榜一
游客2371838,保密,山东,"为啥老是闪退啊[大哭][大哭] 
每次玩到关键时候就闪退了"
汉纸唐书,保密,四川,感觉可以做一个联机zvp，玩家创造僵尸攻克玩家无尽模式
瓜田很屑_一颗破宝石,男,内蒙古,你创造出了很多up主
断尾猫T_T,男,广东,"伟伟迷大佬，杂交版真的很好玩，连打几天也是在正常模式下把主线和挑战都打通过了。但感觉杂交版现在还是一个半成品，不算是一个完整的游戏，我有一些想法，伟伟迷大佬可以看一下吗。
我觉得冒险还是要有一个剧情，哪怕剧情很简单，可以接在pvz结局僵王被打败投降后，僵尸和人类开始和平共处，戴夫不知道什么时候开始将植物疯狂杂交，直到将植物与僵尸杂交，戴夫
在实验过程中不小心被僵尸病毒感染，尽变成新的僵王开始重新率领僵尸进攻人类，然后把现在杂交版的前十几关放进去做第一个小章节。是的，我觉得可以做成三个章节循环递进更符合一个游戏的直觉。
在每个章节boss打完之前不可以直接选关，就像pvz原版那样点进去一个手伸出来直接开始游戏，打完之后再像杂交版可以选章节里任意一关重新打，第一章boss战可以和原版僵王一样，不过植物和僵尸都变成杂交版里的，随着戴夫被打败，僵尸病毒被植物们吸出，真相被揭开，原来在人类和僵尸和平共处时，僵王和戴夫成了朋友，一个拥有超高智商（指造出高达），一个拥有丰富的植物知识，两人开始一起进行植物与僵尸的杂交，随着一个个强力杂交植物和杂交僵尸诞生，僵王的野心重新复燃，但戴夫没有统治世界的想法，于是在戴夫进行实验的时候，僵王偷袭将僵尸病毒注射进戴夫身体…
然后僵王现身开启第二章节，将现在杂交中间三四十关做大章节，商店也在这时开放，挑战模式也在这时开放，我强烈建议挑战模式大致按难度分挑1，挑2，完成挑战1才能打挑战2，在完成一系列挑战获得金卡时像冒险一样给个卡片展示给玩家正反馈。第二章节的boss战可以像二代那样可以场地来回移动，僵王通过杂交让自身变异，每隔一段时间拥有一种杂交植物的输出，像西瓜香蒲或汉堡王，并有不断冒出的强力僵尸。
僵王被再次击败，因为已经有放过一次但任然再次进攻人类，所以这次彻底击杀，但戴夫却又变的不正常，原来僵王在戴夫身上留了后手，戴夫的大脑被植入了僵王的记忆，随着僵王被击杀，这段记忆开始侵占戴夫，戴夫成了新僵王，将最后十几关做成最终小章节。
最后一章boss战可以做成前两个boss战的结合体，僵王戴夫操作机甲，同时命令克隆出来的僵王肉身进行攻击。但最终还是被玩家击败，僵王戴夫被控制，植物们一起唱结尾曲，在植物们的努力下，戴夫重新获得身体主导权，结束…"
雪噜啦啦,保密,辽宁,其实我感觉这个丰富程度真够了，已经到上限了，再多的植物和僵尸会让游戏平衡混乱起来，修复bug和增加新玩法更现实一点，想要更新的植物配置可以再出一个新的版本，杂交版二之类的，
无情老骑士,保密,美国,建议加大植物火力 后期能不用一直操作
亮老湿998,男,山东,需要改的bug太多了，比如模型消失，女王的al也跟史一样
画八方禁地,保密,北京,来个手机版吧，不要模拟器的那种[脱单doge]
多吃麻辣香锅,男,山东,以前看伟伟迷视频就感觉他应该是一个很可爱的男孩子，没想到是真的[脱单doge][脱单doge]
_____Echo_____,男,美国,大佬能问下有支持4K的版本吗，分析下给你充电
蒸馍你不富器,男,天津,你好你好[doge]希望多加强下僵尸，植物太强每次看僵尸都觉得僵尸太弱被薄纱
人人都爱chocalate,保密,上海,"@潜艇伟伟迷  求你了出一个不闪退版吧
心态要崩了
[星星眼][星星眼]但是游戏确实很好玩"
我真的不懂高代,男,重庆,加入超级赛亚人豌豆射手[脱单doge]
罗二溪溪溪,保密,陕西,你现在最重要的工作是想一下领百大奖牌的时候穿什么衣服
蓬莱寺云翼,男,安徽,需要ipad版的，求顶上去[打call][打call]
看戏仔,男,福建,只能说有些人已经开始启航，有些人仍在观望，继续自己的脑内幻想。
爆炒霓虹条,保密,河北,你才是植物大战僵尸续作之神[脱单doge]
凌羽墨绯,保密,四川,我已经成为弃车侠了，二爷开着冰车打头阵
TreKkz,保密,辽宁,有些植物间强度差距太大 建议略微平衡性调整
超棒一土豆,男,天津,"DIY植物
名称：西瓜黄油投手
伤害：普通豌豆（溅射等于普通西瓜溅射）
攻击间隔：2.8
能力：当场内出现僵尸时黄油西瓜投手会投出一个黄油西瓜被击中的僵尸会产生2.5秒的眩晕（黄油西瓜几率百分百）被击中僵尸会在四周3×3范围内产生溅射被溅射击中的僵尸不会受到伤害但会得到一个持续两秒钟的减速此状态可叠加两层第1层溅射叠加后减速时间加长至6秒并加强减速效果第2层溅射叠加后会将僵尸黄油控制2.0秒
品质：包金的呀娄底[笑哭]
背景简介：戴夫杂交植物中第1个成功的杂交植物。不过，只是戴夫认为的成功……
图鉴简介：“西瓜黄油投手从不在意他人的目光坚持做自己，可他人的目光仍然很奇怪。但我想他是个好人，我想也是。”西瓜黄油投手自言自语的说道
好了，这就是全部了如果有异议欢迎回复我[脱单doge]"
芙卡洛丝薇瑟,保密,江苏,我一直一万豌豆射手是拿鼻子发射豌豆，然后鼻子下面有一个和急玄鼬一样的嘴
氷棚,保密,河南,"出个随机僵尸盲盒
并且出我是僵尸模式，求求了[脱单doge][脱单doge][脱单doge]"
被嘤语诅咒的舰长,保密,新疆,牛掰，真牛掰，说不出的羡慕，真强啊老哥[星星眼]我做个PPT都跟死了一样，太厉害你们[打call]
嗷夜的小鱼干,男,陕西,"投稿植物：全息反射镜面花
植物类型：咖啡豆类
阳光：400
cd：60s
效果：反射向后射击的子弹（包括机枪僵尸射击的子弹，热狗射手向后射击的子弹等等。衍生效果可以是把接触到反射镜的子弹都转化成向右射击的。）
没有介绍，等一个宝十杰[脱单doge]"
挡箭牌001,保密,河南,注意那些冒充你骗三连甚至倒卖的阿，直接搜你能搜出来几十个高仿号，全是开着评论精选倒卖或者骗三连的[笑哭]
26368173567_bili,保密,湖南,看你火起来了感觉真不容易啊，从你还有几万粉丝时候关注的，你之前有一期黑白配的视频我就觉得很有创意，你该火，以后要多做点好视频啊
无铭的靓仔,保密,甘肃,记得童年还有植物大战僵尸ol的植物让我印象深刻，特别是那个天使向日葵
七幻灵汐,保密,山东,咱只能说，这几天玩的上头了，原神都不玩了_(≧∇≦」∠)_
-_哦啦,保密,安徽,up涨粉真快呀，以前看的时候还是二三十万，一下蹦到了两百万
北方的楠哥哥,男,江苏,闪退，主要是闪退
KB君祁,男,四川,闪退咋整啊[灵魂出窍][灵魂出窍][灵魂出窍]
随刻不是水客,男,湖南,什么时候出手机移植版[大哭][大哭][大哭]
1691964935,男,陕西,手机什么时候出捏[脱单doge][脱单doge][脱单doge]
维扬黎铭,男,海南,今天我们上电脑课，上电脑课的这间教室电脑课教室有一位大佬在上节课已经在教师用的最后一排所有电脑上下载了植物大战僵尸杂交版，而我们刚交完期末作业的，没事干，就聚在后排一起玩植物大战僵尸杂交版，虽然只是1.0版本，但还是非常有趣
达瓦里氏不见青山,男,河北,什么叫全新的赛博毒品啊喂，舍友都在玩，我也玩玩玩[doge]
权月涟漪,保密,河南,感觉可以搞个联机版，一方当植物一方当僵尸进行对抗[脱单doge]
鸷梦星碎,保密,山东,我想要up头像的那个植物，能不能制作出来？
夜猫子VII,保密,浙江,跪求苹果上架版，官方的广告太多了，还不好玩[doge]
一怒之下-便怒了一下,保密,甘肃,太强了，挑战性很高，好玩，爱玩[脱单doge]
烧冻棘刺,保密,山东,对!就是这个!室友半夜玩这个一顿喊[笑哭]气死我了[笑哭]
澧tao,保密,江西,哥，我为什么在游戏中找不到主菜单界面退出啊？大哥大哥@潜艇伟伟迷
-Taush-,男,浙江,念稿子念的好可爱，感觉给人的感觉跟那种学计算机的大佬差别很大，反而很像那种小学会在草稿本上自创涂鸦游戏的那种大佬，哈哈哈哈
呵呵0406,保密,北京,up我想问一个问题，我以前下了一个pvz明日方舟的魔改版，删了以后我下的所有其他改版音效都变了，除了重装系统有啥解决办法吗？[大哭]
一名路过的开朗的网友,保密,湖南,作者做这个游戏挣不了钱，纯粹靠的是那一份热爱，但是我们身为玩家或者是观众，也要支持作者的这一份热爱，这不仅是作者的那一份热爱，也是我们童年的那一份珍贵的回忆。所以大家手上有硬币的尽可能的支持一下作者吧。[呲牙][呲牙][呲牙]
什么都吃只会害了你呀,男,江西,杂交版的植物很多都是早期就做出来了，那时候我记得粉丝数还不多大概是十几万粉丝吧，那时候我最喜欢的是射击系列，如果可以的话我希望射击系列能继续做下去
清蒸ikun鸡,保密,河北,"可以把之前发的天使翅膀那个大蒜加上 可以作为一个附着植物身上的辅助植物
加一些增益效果[吃瓜][吃瓜][吃瓜]"
派带带带星,男,福建,我2023年玩过一个pvz2的改版，里面有显性基因和隐性基因的杂交豌豆需要自己杂交，是你做的吗
卍卐实在取不出名了,保密,河北,能不能把那个大喷菇做成周边出了我一定买（不一定是用来收藏的）[doge]
miraitowa_snow,女,北京,求苹果版的电脑平板手机怎么下载，
一只野生小嗒姆,保密,广东,小学就看你了，一眨眼就过去了现在已经有了200万粉丝了
冰晶凤凰尚剑南,男,山西,直接QQ群发手机版软件可以吧？那个网盘太慢了
绿色心情版小丑,保密,广东,豪丸，但唯一缺点就是易闪退🤓奶奶的，刚玩的上头就给我闪退了，害得我玩不下去了，啊最强的网瘾治疗术😫
不在服务区4637,保密,日本,既然是杂交，以后出个实验室，来自己杂交
快乐沙丁鱼-,保密,河北,感觉这个版本喝95版一样都很出圈，做得很好
希望落于梦,女,河南,200万粉丝预订（欸，我不是上个星期刚参加了百万粉见证嘛）[给心心]
是梨花酱啊,男,河北,建议出点，僵尸大战植物，金铲铲版植物大战僵尸，剧情版植物大战僵尸，反正花样多，玩家就多
爱啃梨的郁公子,女,安徽,我记得很小的时候有个僵尸死了会爆炸出来八个阳光，可是好多版本都没有这个僵尸了，甚至好多人都对这个僵尸没印象[跪了]
大威尔逊十字切,保密,湖北,那本植物大战僵尸2我也买过[笑哭]当时还以为是真的，到处找那个版本，结果是贴吧编的，不知道杂交版会不会出那些玩意
-----on-looker,保密,湖南,一个好游戏，一群好作者，真是个感人的故事
春哥敲我门,保密,内蒙古,火龙草作为植物大战僵尸后续作品的人气角色希望能加入到杂交版
事小猹不事小查,保密,江西,感谢大佬，我妈电脑游戏就只会玩植物大战僵尸，她每天都好无聊不知道干什么，这个植物大战僵尸杂交版让她找到了乐趣，并且还有休闲版的难度，很适合她这种老年人玩，玩起来完全没有压力。也有困难版，让我也能挑战自己，感受玩游戏的乐趣，还做了很多的辅助功能（显示血量，自动收集等），让玩家能更注重游戏内核玩法的探索与挖掘，细节程度拉满了，希望大佬可以继续产出更有趣的内容，也希望玩游戏的大家能遵守好不倒卖，拒绝盗版的约定哦[脱单doge]
zc菌,保密,黑龙江,"哦我的朋友现在毫丸的植物很多但僵尸太少了，不如让我们做点僵尸吧
盾牌僵尸
韧性800
防具1800
特性：盾牌可以挡住可穿透的子弹，保护后排僵尸免受伤害，并且自身免控
弓箭僵尸
韧性500
特性：可以发射穿透子弹，但只会射五发，一发伤害和一颗豌豆一样
防爆僵尸
韧性800
头盔800
防爆盾1800
特性：防爆盾拥有和盾牌一样的特性，爆盾前和普通僵尸一致速度，攻速和豌豆射手一样，攻击力100，盾牌爆后增加50%移速攻速
治安官僵尸
韧性500
防具600
特性：可将任何僵尸（不包含巨人，车类僵尸和橄榄球僵尸）升级为防爆僵尸
治安先锋
韧性300
特性：可一次射出三发伤害20的子弹，速度与狂暴二爷一致
葬送者僵尸
韧性300
特性：使自己与本排最前面的僵尸立即死亡并生成墓碑（对巨人无效与免控头盔僵尸无效）
先锋
韧性300
特性：可吹响号角立刻令场上墓碑产生僵尸
建议添加挑战模式boss战
boss地图
夜晚后院空地，开局给三列阳光花盆，地图右三列会随机产生三至五个墓碑，本关除了boss召唤僵尸也会有僵尸自然入场，在boss死前无限旗帜
boss
治安车（普通）
韧性36000
第一阶段27000～36000
会鸣笛召唤一列随机僵尸入场，并在墓碑处召唤随机僵尸，会随机冲撞或上下移动（可在冲撞是漂移）冲撞过程受到累计1800伤害停下并倒车
第二阶段18000～26999
车会出现少量破损，车上会走出治安类僵尸，鸣笛声更响，一次召唤两列随机僵尸，并且随机向一株植物射击一发
第三阶段4501～17999
车大量破碎，车顶出现加特林，一次射出六发子弹，射击方向随机
第四阶段0～4500
车会一直向前冲直至撞到改路径第一颗植物（此阶段不可阻挡），碾压第一颗植物并爆炸（3×3范围）原地生成一个墓碑召唤一个加特林巨人，加特林巨人身后背着一次射六颗子弹的加特林，在他砸植物是并不会停止射击
最后巨人僵尸死亡boss战结束"
一挽情笙,保密,黑龙江,"建议整个薄荷咖啡豆，
普通卡效果：重置卡片cd，冷却时间中等，阳光125
或者金卡：冰冻咖啡豆
效果：重置所有卡片cd，冷却时间中等，阳光175，附加冰冻全场效果
参考隔壁锑食的冰淇淋，某些金卡的cd太长了"
西庇阿阿非利加努斯,保密,北京,可以接点广告啥的盈点利吧，赚钱不寒碜，大家都支持的
东旭AAA,保密,陕西,"曾今压力大的拉锯战，现在可以笑着当做花絮看
用来庆祝的香槟带到路上喝，新的游戏到了下一关"
一只双子魔眼,保密,河北,哪里玩？
o秋少南o,保密,四川,想到一个出生怪“磁力僵尸”，可以把其他僵尸的铁质防具吸到自己身上[抠鼻]
cn怀梦璃,男,贵州,下午还是180w，晚上就快200w了[惊讶][惊讶][惊讶]
帝鲸果实,男,山西,steam里只下载了几个游戏  第一个就是植物大战僵尸 玩了460个小时  第二长的只玩了27个  我必然下载一下杂交版
航宇131,保密,湖南,感谢一直不忘初心的潜艇大大，及其一起创作的朋友们，让我又回到了那个童年
陌寒Attractive,男,广东,"潜奆佬，什么时候能把杂交版做成手机版发到网盘上啊，相信你一定能有这能力或权力
网上的手机版下的都是900mb的电脑虚拟机账号，复杂不说还卡顿
如果潜佬能做出的话热度应该能超越二代几条街，但是我知道想完成这种事不是我随口说就能做的"
一个路过的吃瓜人罢了,保密,安徽,涨粉这么快晚上看的时候200w一天涨10w
木纳の北海,男,河南,作者大大，那个天降卡牌的无尽模式怎么掉的全是睡莲啊，我连开了三把都是这样，这是bug吗还是说只是单纯我运气差
真琪亚娜卡斯兰娜,男,上海,4个2了[doge]
狐狸与鬣犬,男,陕西,闪退概率能再低点就好辣[笑哭][笑哭][笑哭]，打个挑战运营大半天，好不容易防线稳固了，游戏突然一卡，我就知道又白忙活十分钟运营了[大哭][大哭][大哭]
秃头__披风侠,男,江西,4月份还是50来万[笑哭]一个来月涨了150多万粉丝
羽_魈,保密,江苏,我想要手机版的！！[大哭][大哭][大哭][大哭][大哭]
糖也可以是苦的,男,广东,这就是努力啊，这就是青春[大哭][大哭][大哭]
幽远的星,保密,四川,求求你，千万不要塌房啊，杂交版很好玩的[笑哭]
欢乐的小夕阳,男,广东,建议出一个豌豆坚果，机枪坚果，魅惑坚果[doge]
阿清不爱吃南瓜,保密,广东,up声音有点像小南梁，听利了[喜欢][星星眼][脱单doge][害羞]
大摆起家,保密,广东,感觉我是老粉了，在23年末的时候关注的，很喜欢看射击系列入睡。刚关注的时候还像二十多万粉丝，现在居然快两百万了[打call] 加油，祝伟伟迷赚的盆满钵满[打call] 记得分我点[打call]
葳莉旺卡,保密,河南,作者是不是很喜欢猫猫？渴望作者搞一个坚果墙和猫尾草的结合体。发射到僵尸身上可以种下一颗坚果。是我的点个赞。
哈基米马戏带,保密,黑龙江,作者up我希望能不能把这个杂交版的难度多降低一点，第一次看到这么多奇怪的植物我感到很新鲜很想探索，但一遍遍过不去的关卡磨灭了我的热情，甚至有的关卡开CE都过不去…我认为游戏还是应该给人放松心情用的，但目前难度过于离谱有些本末倒置了[辣眼睛]
Pryzer,保密,山东,这个涨粉速度真的恐怖啊，明天估计就200万粉了
不眠的夜1,保密,湖北,博主，能给优化一下吗？就是异常退出和报错退出可以自动保存游戏进度吗？
_点我头像_,保密,重庆,[给心心]以前是真的幻想过玉米加农炮射出来毁灭菇，现在看来这不是幻想了[给心心]
Lakareialllllll,女,广西,[大哭]我咋老是卡崩溃 不然就是玩着玩着突然消失
桃桃張,女,云南,可以出个高分辨率的么 全屏很糊，窗口有太小了！感谢感谢！
gpshuv,男,河南,我觉得发明潜艇伟伟迷的人真是个天才，居然能做出这么好的游戏
以梦为泽,男,江西,萌新从抖音刷到这的，有没有仙人指路，杂交版在哪下载
陪爱莉去蒙德找三月七,保密,安徽,我只能说在杂交版之前，几乎没有哪个斗蛐蛐或者其他的pvz，能达到这种热度 [支持][支持][支持]
冬天穿什,男,山东,牛逼！5月19日100万粉丝达成，今天两百万粉丝达成。不到一个月！
二世可,保密,湖北,200w[打call]
向前s,男,贵州,强人都有一个优秀特点，就是执行力强说干就干
神牙狂战,保密,北京,磁力豌豆，可以把僵尸的防具吸过来自己用
吃草莓的饼干,保密,安徽,作者能不能再冒险模式里加上打僵尸博士一样的BOOS关卡
忆笑成枫YGL,男,四川,庭院呢庭院呢，我的种植属性已饥渴难耐了[doge][doge][doge]
一贫如習,保密,重庆,其实盈点利好一点，这样就可持续发展了
哥斯拉大战什,保密,江西,@潜艇伟伟迷 网吧里面要咋玩？我刚刚试了360弹出来关机了
嘤嘤eyy,保密,吉林,都怪你，自从你出了这个游戏，害沉迷其中无法自拔
切开魑魅魍魉,保密,浙江,"主线关卡模式剧情：
戴夫：我回来了我的好邻居，你知道吗，我刚去到孟德尔的时代并和这位伟大的生物学家打了一架，你知道我得到了什么嘛，杂交植物的想象力，你要问为什么？因为我疯了！[脱单doge]"
新人求带123,保密,安徽,投搞次植物：冰火葵每过25秋生产一个樱桃辣椒或雪花寒冰菇，500阳光，金卡
狂旋,保密,陕西,"伟伟迷，我之前做梦梦到杂交版出了个新模式，就是在闯关时地图会不断变化。

我觉得可以和无尽模式结合一下做成一个新的生存关卡，名字可以叫时空错乱，就像pvz2的设定一样，因为时空错乱而来到不同地图，面对不同的僵尸，然后植物也可以随机一下，增加难度。"
传道精,保密,江西,真的感谢潜艇伟伟迷，一个杂交版，养活了上万个up主和平台，也祝植物大战僵尸杂交版越做越好[打call]嗯，还有，咱就是说如果有条件了，能不能加一个联机模式[doge]
时代危机,保密,广东,感觉抖音给你招黑的人不少啊，也不知道你在不在意那些
bili_33645028054,保密,浙江,遥想17年pVZ血洗b站盛况，当年天纵之才，如今二次破圈独你硕果仅存了[大哭]@潜艇伟伟迷
bili_34266157175,保密,湖南,有没有哥能给一个3D加速的补丁
风尚早春,保密,广东,那个，我玩的老是出现模型错误是为什么啊，植物老是隐身，尤其是猫盆
Fornax-,保密,湖南,朋友们，如果闪退的话记得把火绒或者360关掉，之前也是老掉关了就好了。
我邓无敌,保密,浙江,你小子涨粉是真快啊[脱单doge]
嗷师傅别踩油门叻,女,河南,我是看萝太玩这个觉得好玩，虽然很早就关注了伟伟迷，之前随机植物火的时候我也看到很多up主还有虚拟主播玩，但是随机植物就只是觉得看着好玩，没自己上手玩过，杂交版我感觉还是杂交植物有意思吧，各种植物组合起来有抽象有好玩的
我喜欢我哥,保密,河北,玩着倒是不闪退，但是玩到一半掉帧是咋回事[笑哭][笑哭]有啥解决方案吗
坤柳66,保密,陕西,马上破200万了了[脱单doge][脱单doge][脱单doge]
寒奕dec,保密,山东,建议不要走e版支线的老路，平衡和创意可以并存的
火白涯,男,四川,200万粉恭喜
红温的五香蛋但单阐丼,保密,天津,从昨天到现在没有一刻是不少1000人的
冷水洗头必感冒,男,湖南,无尽模式的海克斯强化感觉不错，出点障碍物地图，一些障碍物打到可以弹射飞行物，搞点障碍物然后大地图，可以放障碍物改变ai敌人的进攻路线，再仔细设计个海克斯彩牌阶级，我去，简直不敢想象有多少up来体验这个模式[脱单doge]
bili_73086111736,保密,北京,我怎么打一到二关就闪退啊，气的我牙痒痒
野苦荬,保密,河南,首评
王玉王王王玉王,保密,湖北,到后期太多白卡给废掉了，希望多多出一些紫卡来覆盖白卡
日常咸鱼过日子,保密,广西,打到死机气死了[笑哭]
魂族族长---魂天帝,男,河南,伟哥啊，为啥我的存档没了？[热][热][热]我要疯了
磨栏and风车,保密,河南,主线过不去了解锁不了更多植物怎么办[笑哭]
Sak1ma030,男,浙江,Up主，怎么支持你想请你喝可乐
未必八姑,保密,河南,最近说句实话，写了一大堆杂交版的一些新东西，但是一直没什么机会发╯▂╰
魅果劫体,保密,山东,建议来个冰树桩坚果，把普通豌豆变成冰豌豆。前期就冰猫蒲豌豆比较好用，坚果也不多，给的火坚果直接把冰猫蒲的给削弱了，直接鬼火坚果又会让鬼火树桩被取代，不如弄个冰树桩坚果，把普通豌豆变冰豌豆
干饭的亖三,男,宁夏,希望出个回血花盆，每秒给本格植物会5～10点血[笑哭][笑哭]
小刘-网络爱国者,保密,山东,冒险模式不送小推车啥意思到底[笑哭]
Y诸葛钢铁,保密,云南,许愿出手机版或者平板版的[脱单doge][脱单doge]
你的阿昕呐,保密,江苏,看你抖音有手机植物杂交版，啥时候能出来下载啊
哇偶偶偶偶藕,保密,四川,伟伟的声音好嫩啊啊，好喜欢[脱单doge]
希望遇到天使改卷人,保密,广东,今天六一和脑叶一起入手了pvz，这下可以光明正大玩杂交咯
翔子已死,保密,上海,"？？？
我以前好多次刷到这up
我记得没多少人关注
现在怎么200w了？？"
今天去哪摸鱼呢ovo,男,辽宁,潜艇伟伟迷，足以载入中国游戏史册
有丶歪,男,贵州,六一最好的礼物 一个pvz杂交一个造梦湮隳
艾言不爱吃盐,男,海南,请问能不能直接做安卓版本呢？那些什么模拟器然后什么乱七八糟，一点都搞不懂[委屈][委屈][委屈]
专业配钥匙30年,男,河南,大佬大佬，我一直特别喜欢二代的闪电芦苇，这个可以移植到1代吗
弟弟你瞅嘛,保密,辽宁,不懂就问，伟伟迷今年有没有希望百大[委屈]
Skrpig,保密,江苏,略显唐氏的声音，中规中矩的文案，十分真诚的感情，无比伟大的热爱！
步羡鱼,男,广东,up，你忘记感谢一下原版的制作组和宝开了
已经输得够多了,保密,浙江,我很喜欢那个原版购买植物的那个收集过程 希望可以加一个[捂眼][捂眼][脸红]
龙天下h,男,广东,如果能保存存档就好了
暗光是否存在,保密,四川,手机版在哪玩？不想在2333乐园
卐老叁卍,男,俄罗斯,已经两伯万粉力[打call]
wuli羊o,男,辽宁,"其实是应该我们谢谢你，你让我们在这个无聊的时光中找到了归心处。
在一大堆竞技类高压力的环境中，找到了那个小时候最纯真的快乐[给心心][给心心]"
六月双数日吃药,保密,江苏,一天20万粉的惊人增长速度不知道有多少up眼红了
uttcredi,保密,湖北,我觉得游戏最优秀的是难度的控制，数值膨胀是相互的这一点确实很必要，另外个人来讲极其厌恶随机关[呲牙]
IM阿屺,男,未知,神！！永远热爱 做的好厉害好玩[脱单doge]
hkvsjshk,保密,河南,我觉得杂交版里的植物都没有违和感
肘击耐摔王123,保密,陕西,比官方的狗食手游三好多了，加油！
是小粥阿,男,浙江,更新是要把之前的游戏删了重新下载吗
羊仔凡-,女,陕西,啊啊啊啊啊真的很喜欢玩！谢谢up！
赛安Sein,男,河北,像伟大的电子孟德尔致敬[doge]
观人风者观史,男,广东,植物大战僵尸一直火[脱单doge]，明年一定还会🔥
快龙的第一个冠军粉丝,保密,上海,包年充电啦，补个票，up加油[脱单doge]
bili_43086581329,保密,湖南,我还是在斗鱼看到一个玩lol的主播在玩这个就一直想找来玩，没想到直接刷到了，多谢up，大佬牛逼！
ZuTaS,男,河南,什么时候把射击系列加个小游戏进去?[脱单doge]
神马月下丶,保密,江苏,昨天180w粉丝，今天200w。牛牛
季北陵,保密,辽宁,谢谢，玩的很开心，附近的大学生有点上瘾了[笑哭]
首次改名期待中奖,保密,上海,好家伙，前几天看人直播玩，今天才刷到[打call]
留在角落,保密,广东,"提个建议，我感觉部分植物顺序和效果是不是可能需要调整一下会好一点?
豌豆香蒲，中期给了以后根本用不到，而前期给的寒冰香蒲会一直高频的用。
再有就是我感觉前期给的火炬坚果非常鸡肋甚至可以说是反作用，首先我需要有坚果来挡住植物僵尸的豌豆，但是同时我也需要寒冰香蒲帮我减速僵尸，这就导致寒冰香蒲和火炬坚果加起来是一加一小于二，而前期也没有什么好用的豌豆植物，这就导致火炬坚果的位置非常尴尬。而往后玩的话要点燃豌豆肯定是用冰火炬而不是火炬坚果，这就导致火炬坚果前期没啥用后期也没啥用。
诸如此类的小问题如果改进了相信杂交版的游戏体验会更好。"
yhz394,保密,山东,有好人自己给一有好人可以给一下链接嘛？想玩但我怕直接搜搜到盗版空壳[微笑]
谋男子飝,男,福建,希望加点迷你游戏，还有感觉僵尸少了点。稍微反向思维想了下，蹦极僵尸能带东西走，也能丢东西下来。比如前排放一个属于僵尸的坚果墙阻挡，或者架梯子，放小丑盒（不会马上炸） 还有小僵尸的闵游戏，能变小也可以变大。 僵王个丢的那个车可以像冰车一样开出来。占两格地…希望能通过两边加机制来提高难度
黄豆酱中的Akrid,男,河南,事实证明，只要专精于做一行，总会做到非常棒的。三百六十行，行行出状元。加油up，复活童年就靠你了
灲灪,男,云南,up的声音好可爱 香香的[脱单doge]
觉醒中的觉醒者,保密,福建,@潜艇伟伟迷 你怎么看待up主@撑死的姜丝sir 最新视频
buleWU,保密,湖北,那个什么石果子，我小时候都有一本书，上面就有这些玩意，我当时还以为是什么版本的植物大战僵尸
科晴布莱恩特,保密,浙江,我们班天天都在玩，快高考了[笑哭]
蛋仔派队-小黑蛋,保密,广东,《QQ弹弹大喷菇》 《猫砂盆》 [星星眼]太6了
将道荒,保密,湖南,能不能修一下那个闪退，我觉得这算是一个比较重要的问题
学习使闹闹快乐,保密,山东,宝宝你声音很好听
麦斯威尔在等着你,保密,湖南,想知道潜艇伟伟迷变强的奥秘吗？
超幸运呐,女,江西,我很好奇为什么叫潜艇伟伟迷[脱单doge]
罗翔教犯法,保密,河南,人类对pvz开发进度还不及百分之一
su倾寒,男,黑龙江,好久没用b站了，回来就是为了给你投币
电脑114514_,保密,河南,想要跳高一点开局阳光，打到后面都过不去普通模式开的简单[脱单doge]
请你务必占有我好吗,女,河南,这个 up 让我有一种我小学5 年级的表弟在我面前念作文的即视感[笑哭]
幸运方块---,保密,陕西,啊？石果子，雷蘑菇是假的吗，我一直以为是第二部[大哭][大哭][大哭][大哭][大哭]
不赴相见,保密,上海,昨天下午看才182w粉丝，这涨得真快
Y-O-Universe,男,四川,BGM好听捏，是企鹅音乐没有的呢，谢谢企鹅音乐
浮光掠影uk,男,广东,小学灵魂画作
简束,保密,北京,我也提个建议吧，目前的地图种类已经有很多了，但僵尸基本都是一样的导致关卡同质化太严重。可以给每张地图设计几种独有的僵尸，比如只有夜晚墓地才会出现死灵法师，要是给每张地图都设计一个专门boss就更好了[脱单doge]
鸣濑响,女,吉林,"来个投稿，可以来一个魔术师僵尸[来古-注意]
效果：可以随机召唤三个蹦极僵尸偷走场上的植物。
——魔术师僵尸经常为其他僵尸表演魔术，随后神不知鬼不觉的偷走他们身上的物品并放到意想不到的地方，虽然说这些都是蹦极僵尸的功劳。
然后再来个亡语：死亡后随机变成任意僵尸。
——魔术师善于乔装和扮演，若面前的观众不满意这场演出的话，那么接下来的瞬间变装即兴表演绝对不会让观众失望。"
_MurphyL,保密,江苏,各位大佬请问窗口模式可以调大一点吧 不想用全屏 窗口又太小
橘家的橘子酱,保密,吉林,一开始看你那些个自制关卡来的，一直没寻思是你自己改的[笑哭]我以为是动画，因为之前看ut的au就是这种伪游戏动画，谁寻思你憋了个大的啊[脱单doge][脱单doge][脱单doge]
Diva__Official,保密,浙江,"伟大，无需多言
在如今简中互联网恶劣的环境下不多的真正的互联网精神"
我我我斯科拉,保密,福建,突然想起小时候不知道哪里看来的植物战神，一堆植物组合在一起总觉得这是在对标僵王博士[笑哭]
bili_68857678018,保密,广东,能不能把部分金卡放在冒险模式里。
洞庭狐XD,男,山东,血书蓝火南瓜套，重塑喷泉荣光[doge]
午前一颗橄榄,保密,吉林,看来我们PVZ圈子还挺大
请不要叫我时间阿姨,保密,江苏,太好玩了，第一次发现这玩意这么快乐
陳百七,保密,山西,我高中看到上班的up主，原来貌似可能比我小。
愺上飞6,男,黑龙江,这个是原声吗，可爱捏
向无垠星空许愿丶,男,山西,你多少还是恰点饭 不然哥们上哪玩儿啊 加油[大哭]
是月音呢,男,湖南,声音可爱捏[给心心]
小泷苞,保密,辽宁,如果有兴趣的话，愿意重置某些贴图吗，我可以画的（
枫落无晓,保密,广东,"丘比特1啥时候调整一下啊，能过去运气占了大部分，
凹了一下午，打的道心破碎了[辣眼睛]"
trueeAlan,保密,广东,这比美食大战老鼠好多了，美食那个氪金随便玩无难度，这个杂交版就已经是完全优于那个氪金游戏了
巴布迪亚布,保密,河南,可爱喵
云凭阑,男,江苏,现在最新版出到哪了啊，商店版本上线了吗哥哥们
WinWin扬,保密,浙江,优化一下上路吧，僵尸多的时候，把植物栏都遮住了，还有生长类植物也会大到挡植物栏[脱单doge]
关山绝,男,广东,"投稿[doge]：
磁力樱桃：去除范围内僵尸防具（包括废稿头盔）并造成一次灰烬伤害，200阳光，冷却非常长
随机土豆地雷：长出来才知道是什么地雷，25阳光，包括：阳光地雷，辣椒地雷，毁灭地雷（50阳光，留坑），寒冰地雷（25阳光，全场冰冻），魅惑地雷（25阳光，单格炸到的都魅惑），磁力樱桃地雷（50阳光，如上），头脑风暴地雷（100阳光，无视防具直接抹除）
叶子路灯花：可以照明，防空，给附近植物持续回血，100阳光，冷却短
兴奋豆：种任意植物上，给该格植物回满血，阳光50，冷却短
地刺皇帝：可以种在陆地/屋顶/裸地/坑洞里，可以扎九次冰车，僵尸不会攻击地刺皇帝。亡语：消失时若该格有坑洞，则使坑洞消失，125阳光，冷却短"
喔喔可,保密,湖北,UP主可以设计一个加强投手植物和喷菇的植物吗
阿澈是个狐狸,保密,湖南,原来那些是贴吧！我小学的时候，买洛克王国，奥拉星，植物大战僵尸的那些图鉴书，我以为是什么版本里面有的，原来都是贴吧里的吗，那个时候还有洛克王国，食物，黑暗，各种版本的美化包一样的版本，今年19，也要保持童心
三体闪电鞭,男,湖南,有兄弟知道为啥我玩冒险没事，一玩魅惑毁灭第一关就老是闪退吗
折纸飞到了童年,保密,重庆,能不能出个会放大的机枪射手啊[脱单doge][脱单doge][脱单doge][脱单doge]
凉二捏,男,湖南,想玩植物大战僵尸ol版的赛亚人豌豆[doge]
Twist_King,保密,上海,干了家人们，把手里的币都投了[妙啊]
XxAuraro,保密,江苏,@y_清 两个月前关注就50w粉[微笑]
中月夜,保密,上海,快两百万粉了，有一种孩子追梦成功的欣慰😭
小猫樨ww,女,重庆,看到萝太在玩，本来没怎么在意，我一直相信二创玩家是本着热爱的，这个是我小号
hmlzs2333,男,湖南,上午206w，晚上就是215w了[打call]
蒜蓉真好吃,女,山东,这么可爱的声音，更喜欢了[doge]
AAA级坤坤批发商,保密,辽宁,蹲一个ios版[doge]出了记得叫我[生气][生气][生气]
巧克力販子,男,新疆,哈哈哈，感谢up我们学校机房已经全部在玩了[吃瓜]
浪味那个仙,男,陕西,很不错，但是无尽随机抽的闪退怎么解决呢
惊喜常在,男,江苏,我们班在育种场实习的快乐源泉[吃瓜]
今年的夏天树,男,辽宁,作者现在在抖音直播，各位想看的可以去试试
偷打火机的Prometheus,保密,湖南,费心费力不挣点钱怎么能长久坚持，真是为爱发电了
初夜诺米,男,陕西,有没有可能把植物大战僵尸二的植物杂交加入一里面
刈佐,保密,天津,可以增加一下钱的用处，让戴夫的后备箱卖一些一次性植物，这些植物就是原本有的一次性植物，比如加速成长的咖啡豆、冰蘑菇、两种三叶草、填坑锤等等，在对局中的下方专门有一个栏位可以使用(可以除掉特定模式或关卡)，再大胆点的建议就是这些卡要点数放置，放一个植物加一点数或者死一个植物加一点数。[doge]
八个尖儿,保密,浙江,这个声音，而且提起小时候是“童年”而不是“学生时代”，哥们你不会是高中生吧。这…更，更喜欢了[doge]
欺笑-额,保密,江苏,想问一下，在抽奖盒子无限版里，抽到一个像辣椒的黄色东西钻到地下，什么也没发生，那是干什么的？
东方柒之风,保密,辽宁,希望可以加快小盆菇的冷却，和荷叶豌豆一样的冷却就行，夜晚裸地这玩意冷却太慢实在难受
7858888,男,四川,能不能出植物大战僵尸2端游版
杨海林熙,保密,上海,发明潜艇伟伟迷的人真是个天才！[doge][doge]
up所爱的头像,男,天津,我看主播的头像也是十分的迷人[doge]
拉姆蕾姆汤姆猫,男,山东,我小时候也在很多奇奇怪怪的地方看过很多杂交植物，好怀念啊，感谢up主实现了我童年的梦想。
邪亦思,男,上海,这应该不是原声放送吧[傲娇][傲娇]这么可爱我就要心动了[傲娇][傲娇]
m8祢豆子我老婆,男,广东,"曾经的pvz人气最高改版95
以前的人气最高版本e支
现在的人气最高版杂交"
三七三七37,保密,湖北,感谢作者圆了我小时候的幻想[大笑]
即是小长安,男,辽宁,要不要考虑加入元素反应？不然豌豆还是有点弱吧
TO-MY-LOVE,男,山东,up为许多小朋友的童年添加了美好的乐趣和回忆
寺丞Amour,女,山东,我记得我上次看你还十几万粉丝[妙啊]
阿鹏天天开心,保密,吉林,能不能出个杂交版app的，手机想玩只能用模拟器啊，不好用
屯屯屯屯屯屯屯屯,保密,山东,大佬们，这个更新是不是要重新下载呀？
安好uwu,男,广东,记得小时候老喜欢玩植物大战僵尸，十多年来玩了一遍又一遍，有时候甚至做梦都会梦见pvz出了很多种奇形怪状的植物[笑哭]，没想到后面还真给up做出来了，太给力了[给心心]
洛慎诏,男,广西,真是让这游戏再一次焕发新春
无音真的衰,保密,河北,所以说什么时候能出我是僵尸模式[大哭]
翊翊夏,男,山东,今年中国农科院选院士 我投你一票
芒果丁er,男,四川,"很爽，玩的很上头[脱单doge]
感谢作者让我仿佛回到小时候[微笑]
最后有大佬帮我看一下该如何完善阵容（无尽传送带）
大炮要被小鬼打掉，中三路要被矿工体育生涛钩子，巨烦"
雪花祥,保密,福建,我想设计一个僵尸，类似于矿工的改版，它可以钻到地下并随机挖出来偷走一颗植物留下的通道可以让僵尸走进去，坑洞坚果可以拦截，如果偷走的是高坚果类的植物会向下卡住一半堵住洞口下面的僵尸可以吃掉，上面剩一半就只剩一半的血量，吃掉后剩下一半在洞里
pigeon114,男,重庆,如果技术可以支持的话，希望伟伟迷多增加一些游戏内音乐，现在就只有那几种音乐高强度玩游戏已经听腻了[笑哭]，推荐直接去花园战争系列里面找，很多都是一代经典节奏的再演奏，听起来也很舒服，还没什么违和感[脱单doge][脱单doge]
家妻银小河,保密,广东,我还是建议收钱，不需要太多，但也要门槛，为爱发电影响的不只是你与制作组，而是会给所有制作组带来道德枷锁
我真TM越来越爱学习了,保密,广东,可以加个元素反应伤害，冰火蒸发打额外伤害。
三个电话都接,保密,河南,我有个建议可不可以把新出的一部分比较厉害的僵尸也放商店里，想要的买不想要的可以不买，不能总是被动的接受僵尸的种类吧，我们也想拥有自由度[doge]
ZEY1O,男,湖北,这直播真像一开始的岷叔啊，没有感情的读稿机器啊哈哈哈，期待可以和岷叔来一次联动[doge]
於花都之中,男,湖南,从十几万关注来的，也有低谷一度怕坚持不下去，没想到一眨眼快200w粉丝了，呜呜呜呜看着自己喜欢的up火了简直好奇妙[大哭][大哭][大哭]（up声音好奶哦想亲）
老德勒,男,重庆,@hyggewith 这个很厉害，从去年他几万粉丝看到百万大up了
小万依旧在努力,男,江苏,植物大战僵尸里疯狂戴夫商店里的那个树苗可以施肥，有谁知道有上限吗？
聂钧寒,保密,吉林,谢谢满足我小时候的梦[脱单doge]
别来碰瓷我,保密,辽宁,不收费你就是神中神老哥，你不火谁火
不坑爹の小学生,保密,福建,几年前在抖音看到粉丝从几百到几万再到几十万，不容易啊
嘲鸫远飞了_,男,广东,妈呀，看了直播发现这声音居然没开变声器，可爱小南梁[喜欢][喜欢][喜欢]
枫天之幻落,保密,江苏,呜呜呜呜呜呜呜呜呜大佬能出个手机版吗？想玩手机版[大哭][大哭][大哭][大哭]
y元谋人,保密,江苏,2.0的闪退解决方法有没有解决方法的PDF
不出可莉不改名呀,保密,陕西,这涨粉速度也太牛逼了吧，百大预订了
駡䯥駡,保密,湖北,这次pvz真的火出圈了（喜
阿落钩子沾史,保密,浙江,豪玩[脱单doge]我和我室友都玩疯了
湾区范畴,保密,湖北,向赛博孟德尔烧香，祈求杂交版移动端降世[鼓掌]
折一尾纸鸢,保密,上海,"投稿新植物
磁力射手：吸取僵尸的铁器并发射进行攻击（毕竟磁力系植物只有磁力坚果）
QQ弹弹南瓜头：反弹僵尸子弹（像原版一样的对策卡）
寒冰大炮：发射一颗巨大寒冰豌豆，单格范围攻击，提供范围减速和单体冻结（）
摇钱树：坚果类植物，被啃食/砸/碾压会爆钱

空袭僵尸：像原版屋顶最后一波一样在场地里放下来的僵尸
传送门法师：在面前召唤一个向前一段距离的传送门，持续几秒后消失。（这个真出生啊）"
ChatCPU,保密,安徽,"投稿新植物：杂交水稻
阳光：150
冷却：长
韧性：400
特点：缓慢回复全场植物的韧性。对周围8格的植物，回复速度大幅增加
图鉴：“这株杂交植物并非出自我的手，”戴夫介绍杂交水稻时说，“一位伟人的论文：《水稻的雄性不育性》，它拯救了无数人的生命。”"
我名三十七,保密,吉林,我觉得可以把其他改版梦幻联动，他们也有曾经和杂交版一样的地位，我最喜欢e版支线里面的机枪射手，可以联动一下吗[doge]
薪火三物我,男,福建,兄弟们 我4k显示器 全屏看过去特别模糊  不全屏的话 画框 又非常小    怎么办[大哭][大哭][大哭]
幸德秋良与以北,保密,浙江,潜艇伟伟迷是这样的，我们玩家只要玩杂交版就可以，可是潜艇伟伟迷要考虑的事情可就多了[脱单doge]
汐汐成都白不白,男,江苏,你的道路远不止于此，朝着200w进发
那沉沦的日子里,保密,浙江,厉害，两个小时十万赞了，虽然争议很多，但还是希望能坚持下去，该赚的米就赚，不要在意太多
石榴味的石榴籽,男,江苏,你什么时候出手机版？[大哭][大哭]
洗碗池里的杯子,保密,云南,说起来，我一直想要个可以给植物回血的植物
七七不会饿,保密,上海,有茄子炮没，小时候买的卡上有[星星眼][星星眼][星星眼]
-空_洞-骑_士-,保密,四川,谢谢伟伟迷，愿你继续研究新的好游戏哦！爱你作者！[脱单doge]
农场的牲畜管理员,保密,广东,希望有更多一代画风的新植物，要是能把二代植物画风改成一代更好
giuus,保密,浙江,逆天涨粉率，逆天可以和b站上的大型卖惨视频匹敌的三连率[藏狐]
花落飘零-,保密,广东,随我呐喊：手机版！！！
Moriaty1412,保密,湖北,然后在隔壁开播了[大笑]这就是我们扣扣搜搜给米少的可怜霹雳霹雳啊
凤图sama,男,河北,当代孟德尔，高中的孟德尔让我痛苦，大学的孟德尔带给我的全是快乐🙂
塔奈奈帝,保密,河北,请求作者加个副本模式，和排行榜[给心心]
闲云野鹤文某人,男,山东,网吧里面都预装了，太火了。
汁液小林,保密,安徽,没电脑，但是看看杂交版视频
优秀的劣物,保密,浙江,在我的记忆里up还是个自制关卡的大佬[惊讶]
汉广的晴天,保密,四川,"投稿植物：
真•许愿池
阳光888
冷却：非常慢
效果：根据当前场上的情况变出相对应的克制的植物
“我尽量满足你的愿望”[脱单doge]"
封刀听海丶,保密,辽宁,"投稿:魅惑坚果
冷却40秒
血量1000
·还是魅惑大佬
攻击性能:当僵尸啃食坚果时被魅惑
被吃掉或者被巨人僵尸砸死，以3×3的范围魅惑僵尸
介绍:别问怎样杂交出来的，孟德尔·戴夫说单纯是魅惑菇和结果那晚上都喝多了

希望作者大大采纳[惊喜]"
半晌佳期,男,广东,"投稿：坚果莴苣（辅助）
阳光：125
效果可以反弹豌豆等子弹（包括僵尸们的）
“我讨厌火焰迪斯科僵尸！”一个坚果说道，于是他在夜晚找到了莴苣保护伞..."
神头鬼脸芜香蛋,男,浙江,收点钱吧真的 我愿意买断 这么好的游戏要一直更新下去啊
小丑的疯狂马戏团i,保密,江苏,目前游戏后期僵尸太无脑了，冰车巨人下来还拿个门板头上还有橄榄头盔，主打的就是子弹类格挡，掩护后面冰车强推，一旦多起来怎么打都没用。穿透类植物一削再削，铁头盔的还不受控制，新出的小摔哥简直离谱，不吃小地刺除了坚果地刺王其他的一律平推，血条也厚的感觉和和面板不一样，根本打不动[笑哭]
没头脑和不高兴万岁,保密,山东,宝，能不能把原来三叶草能吹走离地的僵尸这个特性保留啊。还有能增加95版的特质，打败僵尸有概率掉阳光吗？谢谢宝[微笑][星星眼]
时不语灬,男,黑龙江,感谢up的为爱发电，一个制作组肯定得吃饭，大家多点赞投币，希望up能多接广告[脱单doge]
老河鲀,男,广东,杂交版的僵尸那么强，搞个我是僵尸模式呗[脱单doge]
此时不晩,保密,河南,握草，抖音热榜第一，正式登神[脱单doge]
每天都在想念牢大,保密,江苏,可以把商店做出来吗，想养些植物
老夫献丑了,保密,江西,你们制作组都是富二代吗，搞个支持入口吧，这完全为爱发电啊太伟大了[大哭][大哭]
家-鸽,保密,山东,突然就火了哔站一下子涨了150万粉了
魔物娘来玩,男,广东,能不能把植物大战僵尸2的植物也融合进来[吃瓜][吃瓜][吃瓜]
卿蔗,保密,陕西,太容易闪退了，希望能增加稳定性[打call]
奥菲螺旋升天,保密,陕西,都给我投币 ，不然我都不知道他怎么赚钱[笑哭]
多金的老叶,保密,浙江,发明潜艇伟伟迷的人真是个天才[doge]
MOCO灬莫科,保密,湖南,感谢你的用心来制作和付出[给心心]
龙飞小凤凰,保密,广东,加油加油加油加油，我以前也熬夜玩这个哦
枫糖Sama万岁,男,河南,真正的一般向游戏，我室友甚至半夜两点还在玩
橙汁撑死鱼,男,天津,坏了，一年生的[笑哭]怎么差距介么大[笑哭]
